From Bus Number,To Bus Number,Tertiary Bus Number,From Bus Name,To Bus Name,Tertiary Bus Name,Circuit ID,From Bus kV,To Bus kV,Branch Type,Reverse PEL MW,Forward PEL MW,Season
2212,2216,0,BOCT11,MBIO1T,,L1,132.0,132.0,Non-transformer branch,-125.7762838123629,158.67,Winter
2212,2216,0,BOCT11,MBIO1T,,L1,132.0,132.0,Non-transformer branch,-123.23887986402124,155.469,Intermediate Cool
2212,2216,0,BOCT11,MBIO1T,,L1,132.0,132.0,Non-transformer branch,-116.53350654348945,147.01,Intermediate Warm
2212,2216,0,BOCT11,MBIO1T,,L1,132.0,132.0,Non-transformer branch,-112.1832182371792,141.522,Summer
2212,590600,0,BOCT11,82F9N,,L1,132.0,132.0,Non-transformer branch,-158.67,119.52561137218675,Winter
2212,590600,0,BOCT11,82F9N,,L1,132.0,132.0,Non-transformer branch,-155.469,117.11430815165123,Intermediate Cool
2212,590600,0,BOCT11,82F9N,,L1,132.0,132.0,Non-transformer branch,-147.01,110.74217008776185,Intermediate Warm
2212,590600,0,BOCT11,82F9N,,L1,132.0,132.0,Non-transformer branch,-141.522,106.60807696864318,Summer
2213,2218,0,BOCT12,MBIO1M,,L1,132.0,132.0,Non-transformer branch,-47.60099999999999,158.67,Winter
2213,2218,0,BOCT12,MBIO1M,,L1,132.0,132.0,Non-transformer branch,-46.640699999999995,155.469,Intermediate Cool
2213,2218,0,BOCT12,MBIO1M,,L1,132.0,132.0,Non-transformer branch,-44.102999999999994,147.01,Intermediate Warm
2213,2218,0,BOCT12,MBIO1M,,L1,132.0,132.0,Non-transformer branch,-42.456599999999995,141.522,Summer
2213,590400,0,BOCT12,82F9S,,L1,132.0,132.0,Non-transformer branch,-65.07346234579195,158.67,Winter
2213,590400,0,BOCT12,82F9S,,L1,132.0,132.0,Non-transformer branch,-63.760673835242514,155.469,Intermediate Cool
2213,590400,0,BOCT12,82F9S,,L1,132.0,132.0,Non-transformer branch,-60.29148357884209,147.01,Intermediate Warm
2213,590400,0,BOCT12,82F9S,,L1,132.0,132.0,Non-transformer branch,-58.040754636044426,141.522,Summer
2216,511003,0,MBIO1T,MAGA1_103,,L1,132.0,132.0,Non-transformer branch,-47.60099999999999,158.67,Winter
2216,511003,0,MBIO1T,MAGA1_103,,L1,132.0,132.0,Non-transformer branch,-46.640699999999995,155.469,Intermediate Cool
2216,511003,0,MBIO1T,MAGA1_103,,L1,132.0,132.0,Non-transformer branch,-44.102999999999994,147.01,Intermediate Warm
2216,511003,0,MBIO1T,MAGA1_103,,L1,132.0,132.0,Non-transformer branch,-42.456599999999995,141.522,Summer
2216,549602,0,MBIO1T,MBIO1_103,,L1,132.0,132.0,Non-transformer branch,-128.8230575250432,129.176,Winter
2216,549602,0,MBIO1T,MBIO1_103,,L1,132.0,132.0,Non-transformer branch,-120.84292107310634,121.174,Intermediate Cool
2216,549602,0,MBIO1T,MBIO1_103,,L1,132.0,132.0,Non-transformer branch,-120.84292107310634,121.174,Intermediate Warm
2216,549602,0,MBIO1T,MBIO1_103,,L1,132.0,132.0,Non-transformer branch,-114.00266164748338,114.315,Summer
2218,511005,0,MBIO1M,MAGA1_203,,L1,132.0,132.0,Non-transformer branch,-47.60099999999999,158.67,Winter
2218,511005,0,MBIO1M,MAGA1_203,,L1,132.0,132.0,Non-transformer branch,-46.640699999999995,155.469,Intermediate Cool
2218,511005,0,MBIO1M,MAGA1_203,,L1,132.0,132.0,Non-transformer branch,-44.102999999999994,147.01,Intermediate Warm
2218,511005,0,MBIO1M,MAGA1_203,,L1,132.0,132.0,Non-transformer branch,-42.456599999999995,141.522,Summer
2252,2256,0,WNDT11,PCDT11,,L1,132.0,132.0,Non-transformer branch,-112.486,72.54583575926672,Winter
2252,2256,0,WNDT11,PCDT11,,L1,132.0,132.0,Non-transformer branch,-110.2,71.07152090634561,Intermediate Cool
2252,2256,0,WNDT11,PCDT11,,L1,132.0,132.0,Non-transformer branch,-104.256,67.23804431589808,Intermediate Warm
2252,2256,0,WNDT11,PCDT11,,L1,132.0,132.0,Non-transformer branch,-100.369,64.73119312022689,Summer
2253,2257,0,WNDT12,PCDT12,,L1,132.0,132.0,Non-transformer branch,-112.486,70.49598190940598,Winter
2253,2257,0,WNDT12,PCDT12,,L1,132.0,132.0,Non-transformer branch,-110.2,69.06332527084739,Intermediate Cool
2253,2257,0,WNDT12,PCDT12,,L1,132.0,132.0,Non-transformer branch,-104.256,65.33816732701874,Intermediate Warm
2253,2257,0,WNDT12,PCDT12,,L1,132.0,132.0,Non-transformer branch,-100.369,62.902149674316526,Summer
3735,3807,0,BRTE31,BRTE3T,,L1,33.0,33.0,Non-transformer branch,-15.040549149492682,30.179,Winter
3735,3807,0,BRTE31,BRTE3T,,L1,33.0,33.0,Non-transformer branch,-13.84444199025008,27.779,Intermediate Cool
3735,3807,0,BRTE31,BRTE3T,,L1,33.0,33.0,Non-transformer branch,-13.84444199025008,27.779,Intermediate Warm
3735,3807,0,BRTE31,BRTE3T,,L1,33.0,33.0,Non-transformer branch,-13.046538839438664,26.178,Summer
5132,5134,0,LLYN64,MYAB6T,,L1,66.0,66.0,Non-transformer branch,-60.28615015493623,60.587,Winter
5132,5134,0,LLYN64,MYAB6T,,L1,66.0,66.0,Non-transformer branch,-59.035391894174765,59.33,Intermediate Cool
5132,5134,0,LLYN64,MYAB6T,,L1,66.0,66.0,Non-transformer branch,-55.73685280553176,56.015,Intermediate Warm
5132,5134,0,LLYN64,MYAB6T,,L1,66.0,66.0,Non-transformer branch,-53.68907197765022,53.957,Summer
5132,5175,0,LLYN64,82WF20E,,L1,66.0,66.0,Non-transformer branch,-60.587,60.218065701158935,Winter
5132,5175,0,LLYN64,82WF20E,,L1,66.0,66.0,Non-transformer branch,-59.33,58.968719990257966,Intermediate Cool
5132,5175,0,LLYN64,82WF20E,,L1,66.0,66.0,Non-transformer branch,-56.015,55.67390612260745,Intermediate Warm
5132,5175,0,LLYN64,82WF20E,,L1,66.0,66.0,Non-transformer branch,-53.957,53.6284379658579,Summer
5175,554902,0,82WF20E,PYLE6_5L3,,L1,66.0,66.0,Non-transformer branch,-79.335,78.97396457448991,Winter
5175,554902,0,82WF20E,PYLE6_5L3,,L1,66.0,66.0,Non-transformer branch,-77.734,77.3802503590269,Intermediate Cool
5175,554902,0,82WF20E,PYLE6_5L3,,L1,66.0,66.0,Non-transformer branch,-73.505,73.17049557002434,Intermediate Warm
5175,554902,0,82WF20E,PYLE6_5L3,,L1,66.0,66.0,Non-transformer branch,-70.761,70.43898288593283,Summer
5881,5887,0,56L8007P22A,56DP22SW,,L1,33.0,33.0,Non-transformer branch,-27.436,19.91260244696425,Winter
5881,5887,0,56L8007P22A,56DP22SW,,L1,33.0,33.0,Non-transformer branch,-26.864,19.497454152764533,Intermediate Cool
5881,5887,0,56L8007P22A,56DP22SW,,L1,33.0,33.0,Non-transformer branch,-25.378,18.418939528322596,Intermediate Warm
5881,5887,0,56L8007P22A,56DP22SW,,L1,33.0,33.0,Non-transformer branch,-24.463,17.754847414349268,Summer
5882,548003,0,BROD3_2L9,STMD3_#5L5,,L1,33.0,33.0,Non-transformer branch,-20.903127686310278,28.807,Winter
5882,548003,0,BROD3_2L9,STMD3_#5L5,,L1,33.0,33.0,Non-transformer branch,-20.239904903469732,27.893,Intermediate Cool
5882,548003,0,BROD3_2L9,STMD3_#5L5,,L1,33.0,33.0,Non-transformer branch,-20.239904903469732,27.893,Intermediate Warm
5882,548003,0,BROD3_2L9,STMD3_#5L5,,L1,33.0,33.0,Non-transformer branch,-19.65940356181499,27.093,Summer
5883,547407,0,56L6119P36,PYLE3_#2L5,,L1,33.0,33.0,Non-transformer branch,-22.749,8.391340833017466,Winter
5883,547407,0,56L6119P36,PYLE3_#2L5,,L1,33.0,33.0,Non-transformer branch,-22.291,8.222400039948672,Intermediate Cool
5883,547407,0,56L6119P36,PYLE3_#2L5,,L1,33.0,33.0,Non-transformer branch,-21.091,7.779760407454015,Intermediate Warm
5883,547407,0,56L6119P36,PYLE3_#2L5,,L1,33.0,33.0,Non-transformer branch,-20.291,7.484667319124243,Summer
5884,548100,0,CORN3_1L9,CORN3_1L5,,L1,33.0,33.0,Non-transformer branch,-28.937685350994723,29.208,Winter
5884,548100,0,CORN3_1L9,CORN3_1L5,,L1,33.0,33.0,Non-transformer branch,-26.671851113877327,26.921,Intermediate Cool
5884,548100,0,CORN3_1L9,CORN3_1L5,,L1,33.0,33.0,Non-transformer branch,-26.671851113877327,26.921,Intermediate Warm
5884,548100,0,CORN3_1L9,CORN3_1L5,,L1,33.0,33.0,Non-transformer branch,-25.1431312940819,25.378,Summer
5885,5886,0,56L6203P21,56DP22NE,,L1,33.0,33.0,Non-transformer branch,-13.408450773054172,18.405,Winter
5885,5886,0,56L6203P21,56DP22NE,,L1,33.0,33.0,Non-transformer branch,-13.158567664379486,18.062,Intermediate Cool
5885,5886,0,56L6203P21,56DP22NE,,L1,33.0,33.0,Non-transformer branch,-12.450444102770756,17.09,Intermediate Warm
5885,5886,0,56L6203P21,56DP22NE,,L1,33.0,33.0,Non-transformer branch,-12.034457936434764,16.519,Summer
5885,5887,0,56L6203P21,56DP22SW,,L1,33.0,33.0,Non-transformer branch,-13.408491831044149,18.405,Winter
5885,5887,0,56L6203P21,56DP22SW,,L1,33.0,33.0,Non-transformer branch,-13.158607957202902,18.062,Intermediate Cool
5885,5887,0,56L6203P21,56DP22SW,,L1,33.0,33.0,Non-transformer branch,-12.450482227250447,17.09,Intermediate Warm
5885,5887,0,56L6203P21,56DP22SW,,L1,33.0,33.0,Non-transformer branch,-12.034494787124055,16.519,Summer
5885,547404,0,56L6203P21,PYLE3_#3L5,,L1,33.0,33.0,Non-transformer branch,-30.922,22.523794177769613,Winter
5885,547404,0,56L6203P21,PYLE3_#3L5,,L1,33.0,33.0,Non-transformer branch,-28.865,21.02546144949615,Intermediate Cool
5885,547404,0,56L6203P21,PYLE3_#3L5,,L1,33.0,33.0,Non-transformer branch,-28.865,21.02546144949615,Intermediate Warm
5885,547404,0,56L6203P21,PYLE3_#3L5,,L1,33.0,33.0,Non-transformer branch,-27.379,19.943048987554306,Summer
5886,5887,0,56DP22NE,56DP22SW,,L1,33.0,33.0,Non-transformer branch,-13.389889583689412,18.405,Winter
5886,5887,0,56DP22NE,56DP22SW,,L1,33.0,33.0,Non-transformer branch,-13.140352385797238,18.062,Intermediate Cool
5886,5887,0,56DP22NE,56DP22SW,,L1,33.0,33.0,Non-transformer branch,-12.433209072819997,17.09,Intermediate Warm
5886,5887,0,56DP22NE,56DP22SW,,L1,33.0,33.0,Non-transformer branch,-12.017798752130691,16.519,Summer
5887,5889,0,56DP22SW,56DP20SW,,L1,33.0,33.0,Non-transformer branch,-18.405,5.5215000000000005,Winter
5887,5889,0,56DP22SW,56DP20SW,,L1,33.0,33.0,Non-transformer branch,-18.062,5.4186000000000005,Intermediate Cool
5887,5889,0,56DP22SW,56DP20SW,,L1,33.0,33.0,Non-transformer branch,-17.09,5.127,Intermediate Warm
5887,5889,0,56DP22SW,56DP20SW,,L1,33.0,33.0,Non-transformer branch,-16.519,4.955699999999999,Summer
5888,5886,0,56DP20NE,56DP22NE,,L1,33.0,33.0,Non-transformer branch,-5.5215000000000005,14.539580128110256,Winter
5888,5886,0,56DP20NE,56DP22NE,,L1,33.0,33.0,Non-transformer branch,-5.4186000000000005,14.26861702113162,Intermediate Cool
5888,5886,0,56DP20NE,56DP22NE,,L1,33.0,33.0,Non-transformer branch,-5.127,13.500756554708191,Intermediate Warm
5888,5886,0,56DP20NE,56DP22NE,,L1,33.0,33.0,Non-transformer branch,-4.955699999999999,13.049678029679614,Summer
5888,5889,0,56DP20NE,56DP20SW,,L1,33.0,33.0,Non-transformer branch,-14.539580128110256,5.5215000000000005,Winter
5888,5889,0,56DP20NE,56DP20SW,,L1,33.0,33.0,Non-transformer branch,-14.26861702113162,5.4186000000000005,Intermediate Cool
5888,5889,0,56DP20NE,56DP20SW,,L1,33.0,33.0,Non-transformer branch,-13.500756554708191,5.127,Intermediate Warm
5888,5889,0,56DP20NE,56DP20SW,,L1,33.0,33.0,Non-transformer branch,-13.049678029679614,4.955699999999999,Summer
5889,548302,0,56DP20SW,LLAG3_#1L5,,L1,33.0,33.0,Non-transformer branch,-27.436,8.2308,Winter
5889,548302,0,56DP20SW,LLAG3_#1L5,,L1,33.0,33.0,Non-transformer branch,-26.864,8.0592,Intermediate Cool
5889,548302,0,56DP20SW,LLAG3_#1L5,,L1,33.0,33.0,Non-transformer branch,-25.378,7.6133999999999995,Intermediate Warm
5889,548302,0,56DP20SW,LLAG3_#1L5,,L1,33.0,33.0,Non-transformer branch,-24.463,7.3389,Summer
513503,5134,0,MYAB6_1L3,MYAB6T,,L1,66.0,66.0,Non-transformer branch,-60.587,60.31010565069836,Winter
513503,5134,0,MYAB6_1L3,MYAB6T,,L1,66.0,66.0,Non-transformer branch,-59.33,59.05885038466889,Intermediate Cool
513503,5134,0,MYAB6_1L3,MYAB6T,,L1,66.0,66.0,Non-transformer branch,-56.015,55.759000578075636,Intermediate Warm
513503,5134,0,MYAB6_1L3,MYAB6T,,L1,66.0,66.0,Non-transformer branch,-53.957,53.710406037511866,Summer
517106,590600,0,PYLE1_205,82F9N,,L1,132.0,132.0,Non-transformer branch,-119.32572654637895,158.67,Winter
517106,590600,0,PYLE1_205,82F9N,,L1,132.0,132.0,Non-transformer branch,-116.91845579151061,155.469,Intermediate Cool
517106,590600,0,PYLE1_205,82F9N,,L1,132.0,132.0,Non-transformer branch,-110.55697396850802,147.01,Intermediate Warm
517106,590600,0,PYLE1_205,82F9N,,L1,132.0,132.0,Non-transformer branch,-106.42979436753413,141.522,Summer
517109,590400,0,PYLE1_305,82F9S,,L1,132.0,132.0,Non-transformer branch,-158.67,64.5873095548007,Winter
517109,590400,0,PYLE1_305,82F9S,,L1,132.0,132.0,Non-transformer branch,-155.469,63.28432866436825,Intermediate Cool
517109,590400,0,PYLE1_305,82F9S,,L1,132.0,132.0,Non-transformer branch,-147.01,59.84105613947975,Intermediate Warm
517109,590400,0,PYLE1_305,82F9S,,L1,132.0,132.0,Non-transformer branch,-141.522,57.60714201055338,Summer
525800,5134,0,CYNH6T,MYAB6T,,L1,66.0,66.0,Non-transformer branch,-60.587,60.31024958408438,Winter
525800,5134,0,CYNH6T,MYAB6T,,L1,66.0,66.0,Non-transformer branch,-59.33,59.05899133186535,Intermediate Cool
525800,5134,0,CYNH6T,MYAB6T,,L1,66.0,66.0,Non-transformer branch,-56.015,55.75913364999895,Intermediate Warm
525800,5134,0,CYNH6T,MYAB6T,,L1,66.0,66.0,Non-transformer branch,-53.957,53.71053422035157,Summer
525800,513603,0,CYNH6T,LLYA6_1L3,,L1,66.0,66.0,Non-transformer branch,-60.29591777514872,60.587,Winter
525800,513603,0,CYNH6T,LLYA6_1L3,,L1,66.0,66.0,Non-transformer branch,-59.04495686532711,59.33,Intermediate Cool
525800,513603,0,CYNH6T,LLYA6_1L3,,L1,66.0,66.0,Non-transformer branch,-55.74588334419852,56.015,Intermediate Warm
525800,513603,0,CYNH6T,LLYA6_1L3,,L1,66.0,66.0,Non-transformer branch,-53.697770732891534,53.957,Summer
547408,547411,0,PYLE3_#7T0,PYLE3_GT7,,L1,33.0,33.0,Non-transformer branch,-80.078,40.016970845439474,Winter
547408,547411,0,PYLE3_#7T0,PYLE3_GT7,,L1,33.0,33.0,Non-transformer branch,-77.163,38.56027275090094,Intermediate Cool
547408,547411,0,PYLE3_#7T0,PYLE3_GT7,,L1,33.0,33.0,Non-transformer branch,-77.163,38.56027275090094,Intermediate Warm
547408,547411,0,PYLE3_#7T0,PYLE3_GT7,,L1,33.0,33.0,Non-transformer branch,-74.819,37.38891757642468,Summer
547410,547406,0,PYLE3_GT6,PYLE3_#6T0,,L1,33.0,33.0,Non-transformer branch,-39.9230283248288,80.078,Winter
547410,547406,0,PYLE3_GT6,PYLE3_#6T0,,L1,33.0,33.0,Non-transformer branch,-38.46974992668104,77.163,Intermediate Cool
547410,547406,0,PYLE3_GT6,PYLE3_#6T0,,L1,33.0,33.0,Non-transformer branch,-38.46974992668104,77.163,Intermediate Warm
547410,547406,0,PYLE3_GT6,PYLE3_#6T0,,L1,33.0,33.0,Non-transformer branch,-37.30114458696978,74.819,Summer
547502,5883,0,NOTT3_#1L5,56L6119P36,,L1,33.0,33.0,Non-transformer branch,-6.824699999999999,6.824699999999999,Winter
547502,5883,0,NOTT3_#1L5,56L6119P36,,L1,33.0,33.0,Non-transformer branch,-6.6873,6.6873,Intermediate Cool
547502,5883,0,NOTT3_#1L5,56L6119P36,,L1,33.0,33.0,Non-transformer branch,-6.3273,6.3273,Intermediate Warm
547502,5883,0,NOTT3_#1L5,56L6119P36,,L1,33.0,33.0,Non-transformer branch,-6.0873,6.0873,Summer
547504,547802,0,NOTT3_#2L5,CNEP3_#3L5,,L1,33.0,33.0,Non-transformer branch,-8.6421,8.6421,Winter
547504,547802,0,NOTT3_#2L5,CNEP3_#3L5,,L1,33.0,33.0,Non-transformer branch,-8.3679,8.3679,Intermediate Cool
547504,547802,0,NOTT3_#2L5,CNEP3_#3L5,,L1,33.0,33.0,Non-transformer branch,-8.3679,8.3679,Intermediate Warm
547504,547802,0,NOTT3_#2L5,CNEP3_#3L5,,L1,33.0,33.0,Non-transformer branch,-8.1279,8.1279,Summer
547803,547902,0,CNEP3_#5L5,NTDN3_#3L5,,L1,33.0,33.0,Non-transformer branch,-28.807,14.421354183152262,Winter
547803,547902,0,CNEP3_#5L5,NTDN3_#3L5,,L1,33.0,33.0,Non-transformer branch,-27.893,13.963787698499187,Intermediate Cool
547803,547902,0,CNEP3_#5L5,NTDN3_#3L5,,L1,33.0,33.0,Non-transformer branch,-27.893,13.963787698499187,Intermediate Warm
547803,547902,0,CNEP3_#5L5,NTDN3_#3L5,,L1,33.0,33.0,Non-transformer branch,-27.093,13.563291869481178,Summer
547903,548001,0,NTDN3_#5L5,STMD3_#1L5,,L1,33.0,33.0,Non-transformer branch,-28.807,17.003034099548174,Winter
547903,548001,0,NTDN3_#5L5,STMD3_#1L5,,L1,33.0,33.0,Non-transformer branch,-27.893,16.46355504352058,Intermediate Cool
547903,548001,0,NTDN3_#5L5,STMD3_#1L5,,L1,33.0,33.0,Non-transformer branch,-27.893,16.46355504352058,Intermediate Warm
547903,548001,0,NTDN3_#5L5,STMD3_#1L5,,L1,33.0,33.0,Non-transformer branch,-27.093,15.991363309579572,Summer
548200,547405,0,BBIO3_#1L5,PYLE3_#5L5,,L1,33.0,33.0,Non-transformer branch,-24.921,24.82719080412961,Winter
548200,547405,0,BBIO3_#1L5,PYLE3_#5L5,,L1,33.0,33.0,Non-transformer branch,-24.121,24.03020221445409,Intermediate Cool
548200,547405,0,BBIO3_#1L5,PYLE3_#5L5,,L1,33.0,33.0,Non-transformer branch,-24.121,24.03020221445409,Intermediate Warm
548200,547405,0,BBIO3_#1L5,PYLE3_#5L5,,L1,33.0,33.0,Non-transformer branch,-23.492,23.40356993582171,Summer
548306,548504,0,LLAG3_#4L5,SCHW3_2L3,,L1,33.0,33.0,Non-transformer branch,-18.405,5.5215000000000005,Winter
548306,548504,0,LLAG3_#4L5,SCHW3_2L3,,L1,33.0,33.0,Non-transformer branch,-17.833,5.349899999999999,Intermediate Cool
548306,548504,0,LLAG3_#4L5,SCHW3_2L3,,L1,33.0,33.0,Non-transformer branch,-17.09,5.127,Intermediate Warm
548306,548504,0,LLAG3_#4L5,SCHW3_2L3,,L1,33.0,33.0,Non-transformer branch,-16.519,4.955699999999999,Summer
549003,548500,0,BREN3_1L5,SCHW3_MAIN1,,L1,33.0,33.0,Non-transformer branch,-14.632,14.632,Winter
549003,548500,0,BREN3_1L5,SCHW3_MAIN1,,L1,33.0,33.0,Non-transformer branch,-13.832,13.832,Intermediate Cool
549003,548500,0,BREN3_1L5,SCHW3_MAIN1,,L1,33.0,33.0,Non-transformer branch,-13.832,13.832,Intermediate Warm
549003,548500,0,BREN3_1L5,SCHW3_MAIN1,,L1,33.0,33.0,Non-transformer branch,-13.146,13.146,Summer
549004,3765,0,BREN3_3L5,LITC31,,L1,33.0,33.0,Non-transformer branch,-26.635,13.315245236846287,Winter
549004,3765,0,BREN3_3L5,LITC31,,L1,33.0,33.0,Non-transformer branch,-24.864,12.429895159337192,Intermediate Cool
549004,3765,0,BREN3_3L5,LITC31,,L1,33.0,33.0,Non-transformer branch,-24.864,12.429895159337192,Intermediate Warm
549004,3765,0,BREN3_3L5,LITC31,,L1,33.0,33.0,Non-transformer branch,-23.606,11.80100165425168,Summer
549005,3807,0,BREN3_5L5,BRTE3T,,L1,33.0,33.0,Non-transformer branch,-26.635,13.364016365297296,Winter
549005,3807,0,BREN3_5L5,BRTE3T,,L1,33.0,33.0,Non-transformer branch,-24.864,12.475423424319578,Intermediate Cool
549005,3807,0,BREN3_5L5,BRTE3T,,L1,33.0,33.0,Non-transformer branch,-24.864,12.475423424319578,Intermediate Warm
549005,3807,0,BREN3_5L5,BRTE3T,,L1,33.0,33.0,Non-transformer branch,-23.606,11.84422640582722,Summer
549007,3768,0,BREN3_2L5,LITC32,,L1,33.0,33.0,Non-transformer branch,-26.635,13.320053523456082,Winter
549007,3768,0,BREN3_2L5,LITC32,,L1,33.0,33.0,Non-transformer branch,-24.864,12.4343837359569,Intermediate Cool
549007,3768,0,BREN3_2L5,LITC32,,L1,33.0,33.0,Non-transformer branch,-24.864,12.4343837359569,Intermediate Warm
549007,3768,0,BREN3_2L5,LITC32,,L1,33.0,33.0,Non-transformer branch,-23.606,11.805263130268605,Summer
549008,548304,0,BREN3_4L5,LLAG3_#2L5,,L1,33.0,33.0,Non-transformer branch,-9.2766,21.09774570925292,Winter
549008,548304,0,BREN3_4L5,LLAG3_#2L5,,L1,33.0,33.0,Non-transformer branch,-8.5908,19.538032667038568,Intermediate Cool
549008,548304,0,BREN3_4L5,LLAG3_#2L5,,L1,33.0,33.0,Non-transformer branch,-8.5908,19.538032667038568,Intermediate Warm
549008,548304,0,BREN3_4L5,LLAG3_#2L5,,L1,33.0,33.0,Non-transformer branch,-8.0763,18.367906740792893,Summer
549009,548700,0,BREN3_6L5,CCLM3_#1L5,,L1,33.0,33.0,Non-transformer branch,-24.856311329497856,24.921,Winter
549009,548700,0,BREN3_6L5,CCLM3_#1L5,,L1,33.0,33.0,Non-transformer branch,-24.05838792900838,24.121,Intermediate Cool
549009,548700,0,BREN3_6L5,CCLM3_#1L5,,L1,33.0,33.0,Non-transformer branch,-24.05838792900838,24.121,Intermediate Warm
549009,548700,0,BREN3_6L5,CCLM3_#1L5,,L1,33.0,33.0,Non-transformer branch,-23.43102065537353,23.492,Summer
549010,3738,0,BREN3_8L5,BRTE32,,L1,33.0,33.0,Non-transformer branch,-26.635,13.316875025949683,Winter
549010,3738,0,BREN3_8L5,BRTE32,,L1,33.0,33.0,Non-transformer branch,-24.864,12.43141658138588,Intermediate Cool
549010,3738,0,BREN3_8L5,BRTE32,,L1,33.0,33.0,Non-transformer branch,-24.864,12.43141658138588,Intermediate Warm
549010,3738,0,BREN3_8L5,BRTE32,,L1,33.0,33.0,Non-transformer branch,-23.606,11.80244609958957,Summer
549102,2252,0,WIND1_103,WNDT11,,L1,132.0,132.0,Non-transformer branch,-130.091,65.68280547817412,Winter
549102,2252,0,WIND1_103,WNDT11,,L1,132.0,132.0,Non-transformer branch,-126.204,63.720263373849725,Intermediate Cool
549102,2252,0,WIND1_103,WNDT11,,L1,132.0,132.0,Non-transformer branch,-126.204,63.720263373849725,Intermediate Warm
549102,2252,0,WIND1_103,WNDT11,,L1,132.0,132.0,Non-transformer branch,-123.689,62.45044258857167,Summer
549105,2253,0,WIND1_203,WNDT12,,L1,132.0,132.0,Non-transformer branch,-130.091,63.04598437421481,Winter
549105,2253,0,WIND1_203,WNDT12,,L1,132.0,132.0,Non-transformer branch,-126.204,61.16222807083814,Intermediate Cool
549105,2253,0,WIND1_203,WNDT12,,L1,132.0,132.0,Non-transformer branch,-126.204,61.16222807083814,Intermediate Warm
549105,2253,0,WIND1_203,WNDT12,,L1,132.0,132.0,Non-transformer branch,-123.689,59.94338394863791,Summer
549504,517108,0,BREN1_203,PYLE1_605,,L1,132.0,132.0,Non-transformer branch,-132.09867577507364,61.08306528332863,Winter
549504,517108,0,BREN1_203,PYLE1_605,,L1,132.0,132.0,Non-transformer branch,-129.3042948150879,59.79093003970261,Intermediate Cool
549504,517108,0,BREN1_203,PYLE1_605,,L1,132.0,132.0,Non-transformer branch,-122.22421847202695,56.51706856503862,Intermediate Warm
549504,517108,0,BREN1_203,PYLE1_605,,L1,132.0,132.0,Non-transformer branch,-117.75271998050123,54.449426079831284,Summer
549505,2257,0,BREN1_403,PCDT12,,L1,132.0,132.0,Non-transformer branch,-111.1979984835409,108.65060266173316,Winter
549505,2257,0,BREN1_403,PCDT12,,L1,132.0,132.0,Non-transformer branch,-108.93817393174446,106.4425476354657,Intermediate Cool
549505,2257,0,BREN1_403,PCDT12,,L1,132.0,132.0,Non-transformer branch,-103.06223467720463,100.70121820583586,Intermediate Warm
549505,2257,0,BREN1_403,PCDT12,,L1,132.0,132.0,Non-transformer branch,-99.21974209941251,96.9467519385123,Summer
549506,2256,0,BREN1T,PCDT11,,L1,132.0,132.0,Non-transformer branch,-111.22498973438596,112.486,Winter
549506,2256,0,BREN1T,PCDT11,,L1,132.0,132.0,Non-transformer branch,-108.96461665211076,110.2,Intermediate Cool
549506,2256,0,BREN1T,PCDT11,,L1,132.0,132.0,Non-transformer branch,-103.08725112234538,104.256,Intermediate Warm
549506,2256,0,BREN1T,PCDT11,,L1,132.0,132.0,Non-transformer branch,-99.24382585077772,100.369,Summer
549506,517111,0,BREN1T,PYLE1_505,,L1,132.0,132.0,Non-transformer branch,-98.24568426364672,64.71005639601596,Winter
549506,517111,0,BREN1T,PYLE1_505,,L1,132.0,132.0,Non-transformer branch,-96.16742066337747,63.34119672765317,Intermediate Cool
549506,517111,0,BREN1T,PYLE1_505,,L1,132.0,132.0,Non-transformer branch,-90.90175890801463,59.87293986013032,Intermediate Warm
549506,517111,0,BREN1T,PYLE1_505,,L1,132.0,132.0,Non-transformer branch,-87.57617349691012,57.682524870247974,Summer
583315,2212,0,BOCM1_103,BOCT11,,L1,132.0,132.0,Non-transformer branch,-71.20175560207684,158.67,Winter
583315,2212,0,BOCM1_103,BOCT11,,L1,132.0,132.0,Non-transformer branch,-69.76533523475948,155.469,Intermediate Cool
583315,2212,0,BOCM1_103,BOCT11,,L1,132.0,132.0,Non-transformer branch,-65.9694339891682,147.01,Intermediate Warm
583315,2212,0,BOCM1_103,BOCT11,,L1,132.0,132.0,Non-transformer branch,-63.506742650262304,141.522,Summer
583316,2213,0,BOCM1_203,BOCT12,,L1,132.0,132.0,Non-transformer branch,-65.38921764956757,158.67,Winter
583316,2213,0,BOCM1_203,BOCT12,,L1,132.0,132.0,Non-transformer branch,-64.07005910859407,155.469,Intermediate Cool
583316,2213,0,BOCM1_203,BOCT12,,L1,132.0,132.0,Non-transformer branch,-60.584035335368554,147.01,Intermediate Warm
583316,2213,0,BOCM1_203,BOCT12,,L1,132.0,132.0,Non-transformer branch,-58.32238520326528,141.522,Summer
3735,548801,0,BRTE31,BRTE5_1T0,,T1,33.0,11.0,Two-winding transformer,-18.0,8.968858468733151,Winter
3738,548800,0,BRTE32,BRTE5_2T0,,T2,33.0,11.0,Two-winding transformer,-18.0,8.941690749232443,Winter
517103,547411,0,PYLE1_710,PYLE3_GT7,,G7,132.0,33.0,Two-winding transformer,-44.99141906178032,90.0,Winter
517107,547410,0,PYLE1_#610,PYLE3_GT6,,G6,132.0,33.0,Two-winding transformer,-44.77088885113641,90.0,Winter
517112,554901,0,PYLE1_#510,PYLE6_#5H0,,G5,132.0,66.0,Two-winding transformer,-89.8243802693748,90.0,Winter
547402,547700,0,PYLE3_#1H0,PYLE5_1T0,,T1,33.0,11.0,Two-winding transformer,-10.365716280481287,18.0,Winter
547403,547701,0,PYLE3_#2H0,PYLE5_2T0,,T2,33.0,11.0,Two-winding transformer,-8.186798614378626,18.0,Winter
547503,547601,0,NOTT3_#1H0,NOTT5_1T0,,T1,33.0,11.0,Two-winding transformer,-5.3999999999999995,9.078349885717385,Winter
548303,548400,0,LLAG3_#1H0,LLAG5_1T0,,T1,33.0,11.0,Two-winding transformer,-18.0,8.59958393971389,Winter
548305,548401,0,LLAG3_#2H0,LLAG5_2T0,,T2,33.0,11.0,Two-winding transformer,-15.0,8.606512154952144,Winter
548501,548600,0,SCHW3_1H3,SCHW5_1T0,,T1,33.0,11.0,Two-winding transformer,-6.0,6.0,Winter
549101,549200,0,WIND1_#110,WIND5_1T0,,G1,132.0,11.0,Two-winding transformer,-14.64546163237306,30.0,Winter
549104,549201,0,WIND1_#210,WIND5_2T0,,G2,132.0,11.0,Two-winding transformer,-14.337430817713535,30.0,Winter
549503,549013,0,BREN1_#210,BREN3_2T0,,G2,132.0,33.0,Two-winding transformer,-18.0,30.283757689368443,Winter
2219,549603,0,MBIO3G,MBIO1_113A,,G1,33.0,132.0,Two-winding transformer,-60.0,59.884527549199504,Winter
2266,511002,0,MAGA61,MAGA1_#110,,G1,66.0,132.0,Two-winding transformer,-45.0,13.5,Winter
2267,511004,0,MAGA62,MAGA1_#210,,G2,66.0,132.0,Two-winding transformer,-45.0,13.5,Winter
547600,547505,0,NOTT5_2T0,NOTT3_#2H0,,T2,11.0,33.0,Two-winding transformer,-5.3999999999999995,18.0,Winter
548601,548503,0,SCHW5_2T0,SCHW3_#2H0,,T2,11.0,33.0,Two-winding transformer,-1.7999999999999998,6.0,Winter
548900,3768,0,LITC5_2T0,LITC32,,T2,11.0,33.0,Two-winding transformer,-8.991452496644461,18.0,Winter
548901,3765,0,LITC5_1T0,LITC31,,T1,11.0,33.0,Two-winding transformer,-8.986650931619545,18.0,Winter
549006,549501,0,BREN3_1T0,BREN1_#110,,G1,33.0,132.0,Two-winding transformer,-14.23420611116262,13.5,Winter
583309,583313,0,BOCM5_21T0,BOCM1_#110,,21,11.0,132.0,Two-winding transformer,-13.5,13.5,Winter
583310,583314,0,BOCM5_22T0,BOCM1_#210,,22,11.0,132.0,Two-winding transformer,-13.5,13.5,Winter
3735,548801,0,BRTE31,BRTE5_1T0,,T1,33.0,11.0,Two-winding transformer,-18.0,8.968858468733151,Intermediate Cool
3738,548800,0,BRTE32,BRTE5_2T0,,T2,33.0,11.0,Two-winding transformer,-18.0,8.941690749232443,Intermediate Cool
517103,547411,0,PYLE1_710,PYLE3_GT7,,G7,132.0,33.0,Two-winding transformer,-44.99141906178032,90.0,Intermediate Cool
517107,547410,0,PYLE1_#610,PYLE3_GT6,,G6,132.0,33.0,Two-winding transformer,-44.77088885113641,90.0,Intermediate Cool
517112,554901,0,PYLE1_#510,PYLE6_#5H0,,G5,132.0,66.0,Two-winding transformer,-89.8243802693748,90.0,Intermediate Cool
547402,547700,0,PYLE3_#1H0,PYLE5_1T0,,T1,33.0,11.0,Two-winding transformer,-10.365716280481287,18.0,Intermediate Cool
547403,547701,0,PYLE3_#2H0,PYLE5_2T0,,T2,33.0,11.0,Two-winding transformer,-8.186798614378626,18.0,Intermediate Cool
547503,547601,0,NOTT3_#1H0,NOTT5_1T0,,T1,33.0,11.0,Two-winding transformer,-5.3999999999999995,9.078349885717385,Intermediate Cool
548303,548400,0,LLAG3_#1H0,LLAG5_1T0,,T1,33.0,11.0,Two-winding transformer,-18.0,8.59958393971389,Intermediate Cool
548305,548401,0,LLAG3_#2H0,LLAG5_2T0,,T2,33.0,11.0,Two-winding transformer,-15.0,8.606512154952144,Intermediate Cool
548501,548600,0,SCHW3_1H3,SCHW5_1T0,,T1,33.0,11.0,Two-winding transformer,-6.0,6.0,Intermediate Cool
549101,549200,0,WIND1_#110,WIND5_1T0,,G1,132.0,11.0,Two-winding transformer,-14.64546163237306,30.0,Intermediate Cool
549104,549201,0,WIND1_#210,WIND5_2T0,,G2,132.0,11.0,Two-winding transformer,-14.337430817713535,30.0,Intermediate Cool
549503,549013,0,BREN1_#210,BREN3_2T0,,G2,132.0,33.0,Two-winding transformer,-18.0,30.283757689368443,Intermediate Cool
2219,549603,0,MBIO3G,MBIO1_113A,,G1,33.0,132.0,Two-winding transformer,-60.0,59.884527549199504,Intermediate Cool
2266,511002,0,MAGA61,MAGA1_#110,,G1,66.0,132.0,Two-winding transformer,-45.0,13.5,Intermediate Cool
2267,511004,0,MAGA62,MAGA1_#210,,G2,66.0,132.0,Two-winding transformer,-45.0,13.5,Intermediate Cool
547600,547505,0,NOTT5_2T0,NOTT3_#2H0,,T2,11.0,33.0,Two-winding transformer,-5.3999999999999995,18.0,Intermediate Cool
548601,548503,0,SCHW5_2T0,SCHW3_#2H0,,T2,11.0,33.0,Two-winding transformer,-1.7999999999999998,6.0,Intermediate Cool
548900,3768,0,LITC5_2T0,LITC32,,T2,11.0,33.0,Two-winding transformer,-8.991452496644461,18.0,Intermediate Cool
548901,3765,0,LITC5_1T0,LITC31,,T1,11.0,33.0,Two-winding transformer,-8.986650931619545,18.0,Intermediate Cool
549006,549501,0,BREN3_1T0,BREN1_#110,,G1,33.0,132.0,Two-winding transformer,-14.23420611116262,13.5,Intermediate Cool
583309,583313,0,BOCM5_21T0,BOCM1_#110,,21,11.0,132.0,Two-winding transformer,-13.5,13.5,Intermediate Cool
583310,583314,0,BOCM5_22T0,BOCM1_#210,,22,11.0,132.0,Two-winding transformer,-13.5,13.5,Intermediate Cool
3735,548801,0,BRTE31,BRTE5_1T0,,T1,33.0,11.0,Two-winding transformer,-18.0,8.968858468733151,Intermediate Warm
3738,548800,0,BRTE32,BRTE5_2T0,,T2,33.0,11.0,Two-winding transformer,-18.0,8.941690749232443,Intermediate Warm
517103,547411,0,PYLE1_710,PYLE3_GT7,,G7,132.0,33.0,Two-winding transformer,-44.99141906178032,90.0,Intermediate Warm
517107,547410,0,PYLE1_#610,PYLE3_GT6,,G6,132.0,33.0,Two-winding transformer,-44.77088885113641,90.0,Intermediate Warm
517112,554901,0,PYLE1_#510,PYLE6_#5H0,,G5,132.0,66.0,Two-winding transformer,-89.8243802693748,90.0,Intermediate Warm
547402,547700,0,PYLE3_#1H0,PYLE5_1T0,,T1,33.0,11.0,Two-winding transformer,-10.365716280481287,18.0,Intermediate Warm
547403,547701,0,PYLE3_#2H0,PYLE5_2T0,,T2,33.0,11.0,Two-winding transformer,-8.186798614378626,18.0,Intermediate Warm
547503,547601,0,NOTT3_#1H0,NOTT5_1T0,,T1,33.0,11.0,Two-winding transformer,-5.3999999999999995,9.078349885717385,Intermediate Warm
548303,548400,0,LLAG3_#1H0,LLAG5_1T0,,T1,33.0,11.0,Two-winding transformer,-18.0,8.59958393971389,Intermediate Warm
548305,548401,0,LLAG3_#2H0,LLAG5_2T0,,T2,33.0,11.0,Two-winding transformer,-15.0,8.606512154952144,Intermediate Warm
548501,548600,0,SCHW3_1H3,SCHW5_1T0,,T1,33.0,11.0,Two-winding transformer,-6.0,6.0,Intermediate Warm
549101,549200,0,WIND1_#110,WIND5_1T0,,G1,132.0,11.0,Two-winding transformer,-14.64546163237306,30.0,Intermediate Warm
549104,549201,0,WIND1_#210,WIND5_2T0,,G2,132.0,11.0,Two-winding transformer,-14.337430817713535,30.0,Intermediate Warm
549503,549013,0,BREN1_#210,BREN3_2T0,,G2,132.0,33.0,Two-winding transformer,-18.0,30.283757689368443,Intermediate Warm
2219,549603,0,MBIO3G,MBIO1_113A,,G1,33.0,132.0,Two-winding transformer,-60.0,59.884527549199504,Intermediate Warm
2266,511002,0,MAGA61,MAGA1_#110,,G1,66.0,132.0,Two-winding transformer,-45.0,13.5,Intermediate Warm
2267,511004,0,MAGA62,MAGA1_#210,,G2,66.0,132.0,Two-winding transformer,-45.0,13.5,Intermediate Warm
547600,547505,0,NOTT5_2T0,NOTT3_#2H0,,T2,11.0,33.0,Two-winding transformer,-5.3999999999999995,18.0,Intermediate Warm
548601,548503,0,SCHW5_2T0,SCHW3_#2H0,,T2,11.0,33.0,Two-winding transformer,-1.7999999999999998,6.0,Intermediate Warm
548900,3768,0,LITC5_2T0,LITC32,,T2,11.0,33.0,Two-winding transformer,-8.991452496644461,18.0,Intermediate Warm
548901,3765,0,LITC5_1T0,LITC31,,T1,11.0,33.0,Two-winding transformer,-8.986650931619545,18.0,Intermediate Warm
549006,549501,0,BREN3_1T0,BREN1_#110,,G1,33.0,132.0,Two-winding transformer,-14.23420611116262,13.5,Intermediate Warm
583309,583313,0,BOCM5_21T0,BOCM1_#110,,21,11.0,132.0,Two-winding transformer,-13.5,13.5,Intermediate Warm
583310,583314,0,BOCM5_22T0,BOCM1_#210,,22,11.0,132.0,Two-winding transformer,-13.5,13.5,Intermediate Warm
3735,548801,0,BRTE31,BRTE5_1T0,,T1,33.0,11.0,Two-winding transformer,-18.0,8.968858468733151,Summer
3738,548800,0,BRTE32,BRTE5_2T0,,T2,33.0,11.0,Two-winding transformer,-18.0,8.941690749232443,Summer
517103,547411,0,PYLE1_710,PYLE3_GT7,,G7,132.0,33.0,Two-winding transformer,-44.99141906178032,90.0,Summer
517107,547410,0,PYLE1_#610,PYLE3_GT6,,G6,132.0,33.0,Two-winding transformer,-44.77088885113641,90.0,Summer
517112,554901,0,PYLE1_#510,PYLE6_#5H0,,G5,132.0,66.0,Two-winding transformer,-89.8243802693748,90.0,Summer
547402,547700,0,PYLE3_#1H0,PYLE5_1T0,,T1,33.0,11.0,Two-winding transformer,-10.365716280481287,18.0,Summer
547403,547701,0,PYLE3_#2H0,PYLE5_2T0,,T2,33.0,11.0,Two-winding transformer,-8.186798614378626,18.0,Summer
547503,547601,0,NOTT3_#1H0,NOTT5_1T0,,T1,33.0,11.0,Two-winding transformer,-5.3999999999999995,9.078349885717385,Summer
548303,548400,0,LLAG3_#1H0,LLAG5_1T0,,T1,33.0,11.0,Two-winding transformer,-18.0,8.59958393971389,Summer
548305,548401,0,LLAG3_#2H0,LLAG5_2T0,,T2,33.0,11.0,Two-winding transformer,-15.0,8.606512154952144,Summer
548501,548600,0,SCHW3_1H3,SCHW5_1T0,,T1,33.0,11.0,Two-winding transformer,-6.0,6.0,Summer
549101,549200,0,WIND1_#110,WIND5_1T0,,G1,132.0,11.0,Two-winding transformer,-14.64546163237306,30.0,Summer
549104,549201,0,WIND1_#210,WIND5_2T0,,G2,132.0,11.0,Two-winding transformer,-14.337430817713535,30.0,Summer
549503,549013,0,BREN1_#210,BREN3_2T0,,G2,132.0,33.0,Two-winding transformer,-18.0,30.283757689368443,Summer
2219,549603,0,MBIO3G,MBIO1_113A,,G1,33.0,132.0,Two-winding transformer,-60.0,59.884527549199504,Summer
2266,511002,0,MAGA61,MAGA1_#110,,G1,66.0,132.0,Two-winding transformer,-45.0,13.5,Summer
2267,511004,0,MAGA62,MAGA1_#210,,G2,66.0,132.0,Two-winding transformer,-45.0,13.5,Summer
547600,547505,0,NOTT5_2T0,NOTT3_#2H0,,T2,11.0,33.0,Two-winding transformer,-5.3999999999999995,18.0,Summer
548601,548503,0,SCHW5_2T0,SCHW3_#2H0,,T2,11.0,33.0,Two-winding transformer,-1.7999999999999998,6.0,Summer
548900,3768,0,LITC5_2T0,LITC32,,T2,11.0,33.0,Two-winding transformer,-8.991452496644461,18.0,Summer
548901,3765,0,LITC5_1T0,LITC31,,T1,11.0,33.0,Two-winding transformer,-8.986650931619545,18.0,Summer
549006,549501,0,BREN3_1T0,BREN1_#110,,G1,33.0,132.0,Two-winding transformer,-14.23420611116262,13.5,Summer
583309,583313,0,BOCM5_21T0,BOCM1_#110,,21,11.0,132.0,Two-winding transformer,-13.5,13.5,Summer
583310,583314,0,BOCM5_22T0,BOCM1_#210,,22,11.0,132.0,Two-winding transformer,-13.5,13.5,Summer
583306,583313,583305,BOCM5_1T0B,BOCM1_#110,BOCM5_1T0A,T1,11.0,132.0,Three-winding transformer spoke,-10.5,10.5,Winter
583306,583313,583305,BOCM5_1T0B,BOCM1_#110,BOCM5_1T0A,T1,11.0,132.0,Three-winding transformer spoke,-10.5,10.5,Intermediate Cool
583306,583313,583305,BOCM5_1T0B,BOCM1_#110,BOCM5_1T0A,T1,11.0,132.0,Three-winding transformer spoke,-10.5,10.5,Intermediate Warm
583306,583313,583305,BOCM5_1T0B,BOCM1_#110,BOCM5_1T0A,T1,11.0,132.0,Three-winding transformer spoke,-10.5,10.5,Summer
583308,583314,583307,BOCM5_2T0B,BOCM1_#210,BOCM5_2T0A,T2,11.0,132.0,Three-winding transformer spoke,-10.5,10.5,Winter
583308,583314,583307,BOCM5_2T0B,BOCM1_#210,BOCM5_2T0A,T2,11.0,132.0,Three-winding transformer spoke,-10.5,10.5,Intermediate Cool
583308,583314,583307,BOCM5_2T0B,BOCM1_#210,BOCM5_2T0A,T2,11.0,132.0,Three-winding transformer spoke,-10.5,10.5,Intermediate Warm
583308,583314,583307,BOCM5_2T0B,BOCM1_#210,BOCM5_2T0A,T2,11.0,132.0,Three-winding transformer spoke,-10.5,10.5,Summer
583313,583305,583306,BOCM1_#110,BOCM5_1T0A,BOCM5_1T0B,T1,132.0,11.0,Three-winding transformer spoke,-21.0,21.0,Winter
583313,583305,583306,BOCM1_#110,BOCM5_1T0A,BOCM5_1T0B,T1,132.0,11.0,Three-winding transformer spoke,-21.0,21.0,Intermediate Cool
583313,583305,583306,BOCM1_#110,BOCM5_1T0A,BOCM5_1T0B,T1,132.0,11.0,Three-winding transformer spoke,-21.0,21.0,Intermediate Warm
583313,583305,583306,BOCM1_#110,BOCM5_1T0A,BOCM5_1T0B,T1,132.0,11.0,Three-winding transformer spoke,-21.0,21.0,Summer
583314,583307,583308,BOCM1_#210,BOCM5_2T0A,BOCM5_2T0B,T2,132.0,11.0,Three-winding transformer spoke,-21.0,21.0,Winter
583314,583307,583308,BOCM1_#210,BOCM5_2T0A,BOCM5_2T0B,T2,132.0,11.0,Three-winding transformer spoke,-21.0,21.0,Intermediate Cool
583314,583307,583308,BOCM1_#210,BOCM5_2T0A,BOCM5_2T0B,T2,132.0,11.0,Three-winding transformer spoke,-21.0,21.0,Intermediate Warm
583314,583307,583308,BOCM1_#210,BOCM5_2T0A,BOCM5_2T0B,T2,132.0,11.0,Three-winding transformer spoke,-21.0,21.0,Summer
952804,952808,95320,PYLE2_H13,PYLE1_#180,PYLE8A,S1,275.0,132.0,Three-winding transformer spoke,-78.14206357160508,180.0,Winter
952804,952808,95320,PYLE2_H13,PYLE1_#180,PYLE8A,S1,275.0,132.0,Three-winding transformer spoke,-78.14206357160508,180.0,Intermediate Cool
952804,952808,95320,PYLE2_H13,PYLE1_#180,PYLE8A,S1,275.0,132.0,Three-winding transformer spoke,-78.14206357160508,180.0,Intermediate Warm
952804,952808,95320,PYLE2_H13,PYLE1_#180,PYLE8A,S1,275.0,132.0,Three-winding transformer spoke,-78.14206357160508,180.0,Summer
952806,952809,95321,PYLE2_H23,PYLE1_#280,PYLE8B,S2,275.0,132.0,Three-winding transformer spoke,-104.8576035638838,240.0,Winter
952806,952809,95321,PYLE2_H23,PYLE1_#280,PYLE8B,S2,275.0,132.0,Three-winding transformer spoke,-104.8576035638838,240.0,Intermediate Cool
952806,952809,95321,PYLE2_H23,PYLE1_#280,PYLE8B,S2,275.0,132.0,Three-winding transformer spoke,-104.8576035638838,240.0,Intermediate Warm
952806,952809,95321,PYLE2_H23,PYLE1_#280,PYLE8B,S2,275.0,132.0,Three-winding transformer spoke,-104.8576035638838,240.0,Summer
