substation,zone,position_threshold,n_projects,queue_mw,PV_curtailment_pct,Wind_curtailment_pct,BESS_curtailment_pct
ASHG,aberthaw-and-cardiff-east,0,0,0,9.56,11.9,27.51
ASHG,aberthaw-and-cardiff-east,99,1,20,9.56,11.9,27.51
ASHG,aberthaw-and-cardiff-east,135,3,85,9.56,11.9,27.51
ASHG,aberthaw-and-cardiff-east,301,5,177,9.56,11.9,27.51
ASHG,aberthaw-and-cardiff-east,1707,7,237,9.56,11.9,27.51
ASHG,aberthaw-and-cardiff-east,1709,9,331,9.56,11.9,27.51
BARY,aberthaw-and-cardiff-east,0,0,0,0.08,0.37,2.95
BARY,aberthaw-and-cardiff-east,99,1,20,0.08,0.37,2.95
BARY,aberthaw-and-cardiff-east,135,3,85,0.08,0.37,2.95
BARY,aberthaw-and-cardiff-east,301,5,177,0.08,0.37,2.95
BARY,aberthaw-and-cardiff-east,1707,7,237,0.08,0.37,2.95
BARY,aberthaw-and-cardiff-east,1709,9,331,0.08,0.37,2.95
BOVE,aberthaw-and-cardiff-east,0,0,0,27.32,23.53,36.82
BOVE,aberthaw-and-cardiff-east,99,1,20,28.23,23.73,37.04
BOVE,aberthaw-and-cardiff-east,135,3,85,28.23,23.73,37.04
BOVE,aberthaw-and-cardiff-east,301,5,177,28.23,23.73,37.04
BOVE,aberthaw-and-cardiff-east,1707,7,237,28.23,23.73,37.04
BOVE,aberthaw-and-cardiff-east,1709,9,331,28.23,23.73,37.04
BRHI,aberthaw-and-cardiff-east,0,0,0,0.0,0.0,0.0
BRHI,aberthaw-and-cardiff-east,99,1,20,0.0,0.0,0.0
BRHI,aberthaw-and-cardiff-east,135,3,85,0.0,0.0,0.0
BRHI,aberthaw-and-cardiff-east,301,5,177,0.0,0.0,0.0
BRHI,aberthaw-and-cardiff-east,1707,7,237,0.0,0.0,0.0
BRHI,aberthaw-and-cardiff-east,1709,9,331,0.0,0.0,0.0
BROA,aberthaw-and-cardiff-east,0,0,0,0.01,0.09,2.12
BROA,aberthaw-and-cardiff-east,99,1,20,0.01,0.09,2.12
BROA,aberthaw-and-cardiff-east,135,3,85,0.01,0.09,2.12
BROA,aberthaw-and-cardiff-east,301,5,177,0.01,0.09,2.12
BROA,aberthaw-and-cardiff-east,1707,7,237,0.01,0.09,2.12
BROA,aberthaw-and-cardiff-east,1709,9,331,0.01,0.09,2.12
COWB,aberthaw-and-cardiff-east,0,0,0,10.4,2.22,5.88
COWB,aberthaw-and-cardiff-east,99,1,20,16.07,2.68,6.94
COWB,aberthaw-and-cardiff-east,135,3,85,16.07,2.68,6.94
COWB,aberthaw-and-cardiff-east,301,5,177,16.07,2.68,6.94
COWB,aberthaw-and-cardiff-east,1707,7,237,16.07,2.68,6.94
COWB,aberthaw-and-cardiff-east,1709,9,331,16.07,2.68,6.94
CYNC,aberthaw-and-cardiff-east,0,0,0,0.0,0.0,0.0
CYNC,aberthaw-and-cardiff-east,99,1,20,0.0,0.0,0.0
CYNC,aberthaw-and-cardiff-east,135,3,85,0.0,0.0,0.0
CYNC,aberthaw-and-cardiff-east,301,5,177,0.0,0.0,0.0
CYNC,aberthaw-and-cardiff-east,1707,7,237,0.0,0.0,0.0
CYNC,aberthaw-and-cardiff-east,1709,9,331,0.0,0.0,0.0
Cardiff Central,aberthaw-and-cardiff-east,0,0,0,65.41,53.19,61.37
Cardiff Central,aberthaw-and-cardiff-east,99,1,20,65.41,53.19,61.37
Cardiff Central,aberthaw-and-cardiff-east,135,3,85,39.56,48.21,56.29
Cardiff Central,aberthaw-and-cardiff-east,301,5,177,39.56,48.21,56.29
Cardiff Central,aberthaw-and-cardiff-east,1707,7,237,39.56,48.21,56.29
Cardiff Central,aberthaw-and-cardiff-east,1709,9,331,39.56,48.21,56.29
Cardiff East,aberthaw-and-cardiff-east,0,0,0,0.0,0.0,0.0
Cardiff East,aberthaw-and-cardiff-east,99,1,20,0.0,0.0,0.0
Cardiff East,aberthaw-and-cardiff-east,135,3,85,0.0,0.0,0.0
Cardiff East,aberthaw-and-cardiff-east,301,5,177,0.0,0.0,0.0
Cardiff East,aberthaw-and-cardiff-east,1707,7,237,0.0,0.0,0.0
Cardiff East,aberthaw-and-cardiff-east,1709,9,331,0.0,0.0,0.0
Cardiff North,aberthaw-and-cardiff-east,0,0,0,2.04,6.78,19.01
Cardiff North,aberthaw-and-cardiff-east,99,1,20,2.04,6.78,19.01
Cardiff North,aberthaw-and-cardiff-east,135,3,85,2.04,6.78,19.01
Cardiff North,aberthaw-and-cardiff-east,301,5,177,2.04,6.78,19.01
Cardiff North,aberthaw-and-cardiff-east,1707,7,237,2.04,6.78,19.01
Cardiff North,aberthaw-and-cardiff-east,1709,9,331,2.04,6.78,19.01
Cardiff West,aberthaw-and-cardiff-east,0,0,0,0.0,0.0,0.0
Cardiff West,aberthaw-and-cardiff-east,99,1,20,0.0,0.0,0.0
Cardiff West,aberthaw-and-cardiff-east,135,3,85,0.0,0.0,0.0
Cardiff West,aberthaw-and-cardiff-east,301,5,177,0.0,0.0,0.0
Cardiff West,aberthaw-and-cardiff-east,1707,7,237,0.0,0.0,0.0
Cardiff West,aberthaw-and-cardiff-east,1709,9,331,0.0,0.0,0.0
East Aberthaw,aberthaw-and-cardiff-east,0,0,0,3.78,0.51,0.72
East Aberthaw,aberthaw-and-cardiff-east,99,1,20,5.93,0.75,1.09
East Aberthaw,aberthaw-and-cardiff-east,135,3,85,5.93,0.75,1.09
East Aberthaw,aberthaw-and-cardiff-east,301,5,177,5.93,0.75,1.09
East Aberthaw,aberthaw-and-cardiff-east,1707,7,237,5.93,0.75,1.09
East Aberthaw,aberthaw-and-cardiff-east,1709,9,331,5.93,0.75,1.09
FAIR,aberthaw-and-cardiff-east,0,0,0,0.0,0.0,0.0
FAIR,aberthaw-and-cardiff-east,99,1,20,0.0,0.0,0.0
FAIR,aberthaw-and-cardiff-east,135,3,85,0.0,0.0,0.0
FAIR,aberthaw-and-cardiff-east,301,5,177,0.0,0.0,0.0
FAIR,aberthaw-and-cardiff-east,1707,7,237,0.0,0.0,0.0
FAIR,aberthaw-and-cardiff-east,1709,9,331,0.0,0.0,0.0
HEAT,aberthaw-and-cardiff-east,0,0,0,0.0,0.0,0.0
HEAT,aberthaw-and-cardiff-east,99,1,20,0.0,0.0,0.0
HEAT,aberthaw-and-cardiff-east,135,3,85,0.0,0.0,0.0
HEAT,aberthaw-and-cardiff-east,301,5,177,0.0,0.0,0.0
HEAT,aberthaw-and-cardiff-east,1707,7,237,0.0,0.0,0.0
HEAT,aberthaw-and-cardiff-east,1709,9,331,0.0,0.0,0.0
HIGH,aberthaw-and-cardiff-east,0,0,0,0.0,0.0,0.0
HIGH,aberthaw-and-cardiff-east,99,1,20,0.0,0.0,0.0
HIGH,aberthaw-and-cardiff-east,135,3,85,3.28,0.02,0.52
HIGH,aberthaw-and-cardiff-east,301,5,177,3.28,0.02,0.52
HIGH,aberthaw-and-cardiff-east,1707,7,237,3.28,0.02,0.52
HIGH,aberthaw-and-cardiff-east,1709,9,331,3.28,0.02,0.52
LLDO,aberthaw-and-cardiff-east,0,0,0,0.0,0.01,0.19
LLDO,aberthaw-and-cardiff-east,99,1,20,0.0,0.01,0.19
LLDO,aberthaw-and-cardiff-east,135,3,85,0.0,0.01,0.19
LLDO,aberthaw-and-cardiff-east,301,5,177,0.0,0.01,0.19
LLDO,aberthaw-and-cardiff-east,1707,7,237,0.0,0.01,0.19
LLDO,aberthaw-and-cardiff-east,1709,9,331,0.0,0.01,0.19
PENA,aberthaw-and-cardiff-east,0,0,0,0.0,0.01,0.27
PENA,aberthaw-and-cardiff-east,99,1,20,0.0,0.01,0.27
PENA,aberthaw-and-cardiff-east,135,3,85,0.0,0.01,0.27
PENA,aberthaw-and-cardiff-east,301,5,177,0.0,0.01,0.27
PENA,aberthaw-and-cardiff-east,1707,7,237,0.0,0.01,0.27
PENA,aberthaw-and-cardiff-east,1709,9,331,0.0,0.01,0.27
SMOR,aberthaw-and-cardiff-east,0,0,0,0.08,0.44,3.06
SMOR,aberthaw-and-cardiff-east,99,1,20,0.08,0.44,3.06
SMOR,aberthaw-and-cardiff-east,135,3,85,0.08,0.44,3.06
SMOR,aberthaw-and-cardiff-east,301,5,177,0.08,0.44,3.06
SMOR,aberthaw-and-cardiff-east,1707,7,237,0.08,0.44,3.06
SMOR,aberthaw-and-cardiff-east,1709,9,331,0.08,0.44,3.06
TRGF,aberthaw-and-cardiff-east,0,0,0,5.31,1.03,2.8
TRGF,aberthaw-and-cardiff-east,99,1,20,8.13,1.27,3.34
TRGF,aberthaw-and-cardiff-east,135,3,85,8.13,1.27,3.34
TRGF,aberthaw-and-cardiff-east,301,5,177,8.13,1.27,3.34
TRGF,aberthaw-and-cardiff-east,1707,7,237,8.13,1.27,3.34
TRGF,aberthaw-and-cardiff-east,1709,9,331,8.13,1.27,3.34
TRPK,aberthaw-and-cardiff-east,0,0,0,27.26,26.43,36.48
TRPK,aberthaw-and-cardiff-east,99,1,20,27.26,26.43,36.48
TRPK,aberthaw-and-cardiff-east,135,3,85,27.26,26.43,36.48
TRPK,aberthaw-and-cardiff-east,301,5,177,27.26,26.43,36.48
TRPK,aberthaw-and-cardiff-east,1707,7,237,27.26,26.43,36.48
TRPK,aberthaw-and-cardiff-east,1709,9,331,27.26,26.43,36.48
WHTN,aberthaw-and-cardiff-east,0,0,0,12.63,1.35,8.12
WHTN,aberthaw-and-cardiff-east,99,1,20,16.56,1.78,8.86
WHTN,aberthaw-and-cardiff-east,135,3,85,16.56,1.78,8.86
WHTN,aberthaw-and-cardiff-east,301,5,177,16.56,1.78,8.86
WHTN,aberthaw-and-cardiff-east,1707,7,237,16.56,1.78,8.86
WHTN,aberthaw-and-cardiff-east,1709,9,331,16.56,1.78,8.86
WOOD,aberthaw-and-cardiff-east,0,0,0,0.0,0.0,0.0
WOOD,aberthaw-and-cardiff-east,99,1,20,0.0,0.0,0.0
WOOD,aberthaw-and-cardiff-east,135,3,85,0.0,0.0,0.0
WOOD,aberthaw-and-cardiff-east,301,5,177,0.0,0.0,0.0
WOOD,aberthaw-and-cardiff-east,1707,7,237,0.0,0.0,0.0
WOOD,aberthaw-and-cardiff-east,1709,9,331,0.0,0.0,0.0
BRAW,pembroke,0,0,0,16.72,7.65,23.07
BRAW,pembroke,10,1,10,16.72,7.65,23.07
BRAW,pembroke,158,2,40,16.72,7.65,23.07
BRAW,pembroke,170,3,90,16.72,7.65,23.07
BRAW,pembroke,406,4,95,16.72,7.65,23.07
BRAW,pembroke,509,5,96,16.72,7.65,23.07
BRAW,pembroke,718,6,126,16.72,7.65,23.07
BRAW,pembroke,1806,7,191,18.18,7.85,23.35
BRAW,pembroke,1818,8,241,25.6,9.08,24.73
BROF,pembroke,0,0,0,4.46,1.88,11.43
BROF,pembroke,10,1,10,6.1,2.03,11.8
BROF,pembroke,158,2,40,6.1,2.03,11.8
BROF,pembroke,170,3,90,6.1,2.03,11.8
BROF,pembroke,406,4,95,7.34,2.12,12.05
BROF,pembroke,509,5,96,7.29,2.02,11.93
BROF,pembroke,718,6,126,7.29,2.02,11.93
BROF,pembroke,1806,7,191,9.8,2.22,12.22
BROF,pembroke,1818,8,241,20.86,3.56,13.7
FENT,pembroke,0,0,0,6.57,0.13,0.67
FENT,pembroke,10,1,10,6.57,0.13,0.67
FENT,pembroke,158,2,40,6.57,0.13,0.67
FENT,pembroke,170,3,90,6.57,0.13,0.67
FENT,pembroke,406,4,95,6.57,0.13,0.67
FENT,pembroke,509,5,96,6.57,0.13,0.67
FENT,pembroke,718,6,126,6.57,0.13,0.67
FENT,pembroke,1806,7,191,8.26,0.32,0.94
FENT,pembroke,1818,8,241,19.92,1.7,2.53
FISH,pembroke,0,0,0,10.77,5.29,19.89
FISH,pembroke,10,1,10,10.77,5.29,19.88
FISH,pembroke,158,2,40,10.77,5.29,19.88
FISH,pembroke,170,3,90,10.77,5.29,19.88
FISH,pembroke,406,4,95,10.77,5.29,19.88
FISH,pembroke,509,5,96,10.77,5.29,19.88
FISH,pembroke,718,6,126,10.77,5.29,19.88
FISH,pembroke,1806,7,191,12.8,5.5,20.18
FISH,pembroke,1818,8,241,22.32,6.82,21.62
Golden Hill,pembroke,0,0,0,0.26,2.28,6.8
Golden Hill,pembroke,10,1,10,1.96,2.31,7.18
Golden Hill,pembroke,158,2,40,1.96,2.31,7.18
Golden Hill,pembroke,170,3,90,1.96,2.31,7.18
Golden Hill,pembroke,406,4,95,5.15,2.33,7.63
Golden Hill,pembroke,509,5,96,5.12,2.22,7.51
Golden Hill,pembroke,718,6,126,5.12,2.22,7.51
Golden Hill,pembroke,1806,7,191,7.59,2.41,7.79
Golden Hill,pembroke,1818,8,241,19.72,3.78,9.34
Haverfordwest,pembroke,0,0,0,0.03,0.02,0.02
Haverfordwest,pembroke,10,1,10,0.01,0.02,0.01
Haverfordwest,pembroke,158,2,40,0.01,0.02,0.01
Haverfordwest,pembroke,170,3,90,0.01,0.02,0.01
Haverfordwest,pembroke,406,4,95,0.01,0.02,0.01
Haverfordwest,pembroke,509,5,96,0.01,0.02,0.01
Haverfordwest,pembroke,718,6,126,0.01,0.02,0.01
Haverfordwest,pembroke,1806,7,191,4.78,0.23,0.38
Haverfordwest,pembroke,1818,8,241,19.41,1.68,2.28
NEYL,pembroke,0,0,0,0.0,3.12,4.12
NEYL,pembroke,10,1,10,0.0,2.97,3.85
NEYL,pembroke,158,2,40,0.0,2.97,3.85
NEYL,pembroke,170,3,90,0.0,2.97,3.85
NEYL,pembroke,406,4,95,0.0,2.91,3.74
NEYL,pembroke,509,5,96,0.0,3.01,3.8
NEYL,pembroke,718,6,126,0.0,3.01,3.8
NEYL,pembroke,1806,7,191,4.48,3.21,4.16
NEYL,pembroke,1818,8,241,18.94,4.64,6.01
PEBL,pembroke,0,0,0,7.51,0.53,2.1
PEBL,pembroke,10,1,10,7.51,0.53,2.09
PEBL,pembroke,158,2,40,7.51,0.53,2.09
PEBL,pembroke,170,3,90,7.51,0.53,2.09
PEBL,pembroke,406,4,95,7.51,0.53,2.09
PEBL,pembroke,509,5,96,7.89,0.68,2.29
PEBL,pembroke,718,6,126,7.89,0.68,2.29
PEBL,pembroke,1806,7,191,9.92,0.89,2.59
PEBL,pembroke,1818,8,241,20.43,2.24,4.1
STEY,pembroke,0,0,0,0.02,2.81,7.8
STEY,pembroke,10,1,10,0.04,2.86,7.95
STEY,pembroke,158,2,40,0.04,2.86,7.95
STEY,pembroke,170,3,90,0.04,2.86,7.95
STEY,pembroke,406,4,95,0.05,2.89,8.05
STEY,pembroke,509,5,96,0.05,2.59,7.78
STEY,pembroke,718,6,126,0.05,2.59,7.78
STEY,pembroke,1806,7,191,4.6,2.79,8.14
STEY,pembroke,1818,8,241,19.08,4.22,10.0
STFL,pembroke,0,0,0,1.54,0.08,0.7
STFL,pembroke,10,1,10,1.63,0.12,0.68
STFL,pembroke,158,2,40,1.63,0.12,0.68
STFL,pembroke,170,3,90,1.63,0.12,0.68
STFL,pembroke,406,4,95,2.81,0.15,0.78
STFL,pembroke,509,5,96,2.8,0.14,0.78
STFL,pembroke,718,6,126,2.8,0.14,0.78
STFL,pembroke,1806,7,191,5.96,0.33,1.08
STFL,pembroke,1818,8,241,19.25,1.71,2.69
South Hook,pembroke,0,0,0,0.0,0.0,0.0
South Hook,pembroke,10,1,10,0.0,0.0,0.0
South Hook,pembroke,158,2,40,0.0,0.0,0.0
South Hook,pembroke,170,3,90,0.0,0.0,0.0
South Hook,pembroke,406,4,95,0.0,0.0,0.0
South Hook,pembroke,509,5,96,0.0,0.0,0.0
South Hook,pembroke,718,6,126,0.0,0.0,0.0
South Hook,pembroke,1806,7,191,4.92,0.22,0.39
South Hook,pembroke,1818,8,241,19.63,1.68,2.3
WLND,pembroke,0,0,0,21.9,3.32,16.18
WLND,pembroke,10,1,10,21.9,3.32,16.18
WLND,pembroke,158,2,40,21.9,3.32,16.18
WLND,pembroke,170,3,90,21.9,3.32,16.18
WLND,pembroke,406,4,95,21.9,3.32,16.18
WLND,pembroke,509,5,96,21.9,3.32,16.18
WLND,pembroke,718,6,126,21.9,3.32,16.18
WLND,pembroke,1806,7,191,22.75,3.48,16.37
WLND,pembroke,1818,8,241,28.46,4.52,17.56
Bridgend,pyle,0,0,0,0.0,0.0,0.0
Bridgend,pyle,14,2,59,0.0,0.0,0.0
Bridgend,pyle,258,4,138,0.23,0.51,0.12
Bridgend,pyle,447,6,172,1.28,3.79,2.23
Bridgend,pyle,1682,8,187,1.89,4.99,2.98
Bridgend,pyle,1793,10,262,9.18,27.8,12.93
LLAG,pyle,0,0,0,7.09,5.9,21.61
LLAG,pyle,14,2,59,7.09,5.9,21.61
LLAG,pyle,258,4,138,7.31,6.16,21.66
LLAG,pyle,447,6,172,8.16,8.48,22.61
LLAG,pyle,1682,8,187,8.69,9.42,23.07
LLAG,pyle,1793,10,262,15.55,28.6,30.5
NOTT,pyle,0,0,0,5.94,5.44,14.28
NOTT,pyle,14,2,59,5.94,5.44,14.28
NOTT,pyle,258,4,138,6.13,5.67,14.33
NOTT,pyle,447,6,172,6.85,8.02,15.29
NOTT,pyle,1682,8,187,7.33,8.94,15.74
NOTT,pyle,1793,10,262,13.82,28.68,23.39
NTDN,pyle,0,0,0,3.74,16.24,18.43
NTDN,pyle,14,2,59,3.74,16.24,18.43
NTDN,pyle,258,4,138,3.92,16.37,18.47
NTDN,pyle,447,6,172,4.6,17.95,19.15
NTDN,pyle,1682,8,187,4.97,18.61,19.48
NTDN,pyle,1793,10,262,11.08,33.46,25.49
Pyle,pyle,0,0,0,0.0,0.0,0.0
Pyle,pyle,14,2,59,0.0,0.0,0.0
Pyle,pyle,258,4,138,0.23,0.51,0.12
Pyle,pyle,447,6,172,1.15,3.78,1.64
Pyle,pyle,1682,8,187,1.78,4.99,2.41
Pyle,pyle,1793,10,262,9.08,27.79,12.39
SCHW,pyle,0,0,0,1.04,0.57,11.21
SCHW,pyle,14,2,59,1.04,0.57,11.21
SCHW,pyle,258,4,138,1.26,1.05,11.3
SCHW,pyle,447,6,172,2.26,4.17,12.66
SCHW,pyle,1682,8,187,2.87,5.33,13.26
SCHW,pyle,1793,10,262,10.13,27.81,21.96
STMD,pyle,0,0,0,2.14,12.59,13.08
STMD,pyle,14,2,59,2.14,12.59,13.08
STMD,pyle,258,4,138,2.34,12.78,13.13
STMD,pyle,447,6,172,3.08,14.66,13.93
STMD,pyle,1682,8,187,3.49,15.41,14.31
STMD,pyle,1793,10,262,9.98,32.0,20.93
BEAU,rassau,0,0,0,0.0,0.0,0.0
BEAU,rassau,3,1,12,0.0,0.0,0.0
BEAU,rassau,31,2,34,0.0,0.0,0.0
BEAU,rassau,98,3,84,0.0,0.0,0.0
BEAU,rassau,113,4,112,0.0,0.0,0.0
BEAU,rassau,146,5,141,0.0,0.0,0.0
BEAU,rassau,305,6,196,0.0,0.0,0.0
BEAU,rassau,553,7,200,0.0,0.0,0.0
BRMA,rassau,0,0,0,0.0,0.0,0.0
BRMA,rassau,3,1,12,0.0,0.0,0.0
BRMA,rassau,31,2,34,0.0,0.0,0.0
BRMA,rassau,98,3,84,0.0,0.0,0.0
BRMA,rassau,113,4,112,0.0,0.0,0.0
BRMA,rassau,146,5,141,0.0,0.0,0.0
BRMA,rassau,305,6,196,0.0,0.0,0.0
BRMA,rassau,553,7,200,0.0,0.0,0.0
CWMF,rassau,0,0,0,6.16,0.53,5.35
CWMF,rassau,3,1,12,6.16,0.53,5.35
CWMF,rassau,31,2,34,6.16,0.53,5.35
CWMF,rassau,98,3,84,6.16,0.53,5.35
CWMF,rassau,113,4,112,6.16,0.53,5.35
CWMF,rassau,146,5,141,6.16,0.53,5.35
CWMF,rassau,305,6,196,6.16,0.53,5.35
CWMF,rassau,553,7,200,6.16,0.53,5.35
Crumlin,rassau,0,0,0,0.0,0.0,0.0
Crumlin,rassau,3,1,12,0.0,0.0,0.0
Crumlin,rassau,31,2,34,0.0,0.0,0.0
Crumlin,rassau,98,3,84,0.0,0.0,0.0
Crumlin,rassau,113,4,112,0.0,0.0,0.0
Crumlin,rassau,146,5,141,0.0,0.0,0.0
Crumlin,rassau,305,6,196,0.0,0.0,0.0
Crumlin,rassau,553,7,200,0.0,0.0,0.0
Ebbw Vale,rassau,0,0,0,0.0,0.0,0.0
Ebbw Vale,rassau,3,1,12,0.0,0.0,0.0
Ebbw Vale,rassau,31,2,34,0.0,0.0,0.0
Ebbw Vale,rassau,98,3,84,0.0,0.0,0.0
Ebbw Vale,rassau,113,4,112,0.0,0.0,0.0
Ebbw Vale,rassau,146,5,141,0.0,0.0,0.0
Ebbw Vale,rassau,305,6,196,0.0,0.0,0.0
Ebbw Vale,rassau,553,7,200,0.0,0.0,0.0
HILL,rassau,0,0,0,26.77,5.55,22.09
HILL,rassau,3,1,12,26.77,5.55,22.09
HILL,rassau,31,2,34,26.77,5.55,22.09
HILL,rassau,98,3,84,26.77,5.55,22.09
HILL,rassau,113,4,112,26.77,5.55,22.09
HILL,rassau,146,5,141,26.77,5.55,22.09
HILL,rassau,305,6,196,26.77,5.55,22.09
HILL,rassau,553,7,200,26.77,5.55,22.09
POLL,rassau,0,0,0,5.9,1.4,10.77
POLL,rassau,3,1,12,5.9,1.4,10.77
POLL,rassau,31,2,34,5.9,1.4,10.77
POLL,rassau,98,3,84,5.9,1.4,10.77
POLL,rassau,113,4,112,5.9,1.4,10.77
POLL,rassau,146,5,141,5.9,1.4,10.77
POLL,rassau,305,6,196,5.9,1.4,10.77
POLL,rassau,553,7,200,5.9,1.4,10.77
TRED,rassau,0,0,0,0.0,0.13,1.06
TRED,rassau,3,1,12,0.0,0.13,1.06
TRED,rassau,31,2,34,0.0,0.13,1.06
TRED,rassau,98,3,84,0.0,0.13,1.06
TRED,rassau,113,4,112,0.0,0.13,1.06
TRED,rassau,146,5,141,0.0,0.13,1.06
TRED,rassau,305,6,196,0.0,0.13,1.06
TRED,rassau,553,7,200,0.0,0.13,1.06
WNYP,rassau,0,0,0,0.0,0.22,1.04
WNYP,rassau,3,1,12,0.0,0.22,1.04
WNYP,rassau,31,2,34,0.0,0.22,1.04
WNYP,rassau,98,3,84,0.0,0.22,1.04
WNYP,rassau,113,4,112,0.0,0.22,1.04
WNYP,rassau,146,5,141,0.0,0.22,1.04
WNYP,rassau,305,6,196,0.0,0.22,1.04
WNYP,rassau,553,7,200,0.0,0.22,1.04
ABAE,swansea-north,0,0,52,6.02,5.03,21.76
ABAE,swansea-north,13,3,86,6.02,5.03,21.76
ABAE,swansea-north,111,7,162,6.02,5.03,21.76
ABAE,swansea-north,216,10,205,6.02,5.03,21.76
ABAE,swansea-north,253,14,316,6.02,5.03,21.76
ABAE,swansea-north,1785,18,413,6.02,5.03,21.76
ABDA,swansea-north,0,0,52,0.47,0.8,7.73
ABDA,swansea-north,13,3,86,0.47,0.8,7.73
ABDA,swansea-north,111,7,162,0.47,0.8,7.73
ABDA,swansea-north,216,10,205,0.47,0.8,7.73
ABDA,swansea-north,253,14,316,0.47,0.8,7.73
ABDA,swansea-north,1785,18,413,0.47,0.8,7.73
ABEC,swansea-north,0,0,52,6.51,0.13,0.98
ABEC,swansea-north,13,3,86,1.23,0.22,0.97
ABEC,swansea-north,111,7,162,1.92,0.21,0.97
ABEC,swansea-north,216,10,205,1.92,0.21,0.97
ABEC,swansea-north,253,14,316,3.4,0.2,1.03
ABEC,swansea-north,1785,18,413,3.41,0.2,1.04
ABYS,swansea-north,0,0,52,4.64,15.34,15.35
ABYS,swansea-north,13,3,86,4.64,15.34,15.35
ABYS,swansea-north,111,7,162,4.64,15.34,15.35
ABYS,swansea-north,216,10,205,4.56,15.21,15.24
ABYS,swansea-north,253,14,316,4.56,15.21,15.24
ABYS,swansea-north,1785,18,413,4.57,15.21,15.24
ADVY,swansea-north,0,0,52,4.63,15.2,15.26
ADVY,swansea-north,13,3,86,4.63,15.2,15.26
ADVY,swansea-north,111,7,162,4.63,15.2,15.26
ADVY,swansea-north,216,10,205,4.55,15.07,15.14
ADVY,swansea-north,253,14,316,4.55,15.07,15.14
ADVY,swansea-north,1785,18,413,4.56,15.08,15.15
ALCO,swansea-north,0,0,52,0.0,0.0,0.0
ALCO,swansea-north,13,3,86,0.0,0.0,0.0
ALCO,swansea-north,111,7,162,0.0,0.0,0.0
ALCO,swansea-north,216,10,205,0.0,0.0,0.0
ALCO,swansea-north,253,14,316,0.0,0.0,0.0
ALCO,swansea-north,1785,18,413,0.0,0.0,0.0
Ammanford,swansea-north,0,0,52,0.0,0.0,0.0
Ammanford,swansea-north,13,3,86,0.0,0.0,0.0
Ammanford,swansea-north,111,7,162,0.0,0.0,0.0
Ammanford,swansea-north,216,10,205,0.0,0.0,0.0
Ammanford,swansea-north,253,14,316,0.0,0.0,0.0
Ammanford,swansea-north,1785,18,413,0.0,0.0,0.0
BISH,swansea-north,0,0,52,26.87,18.04,32.92
BISH,swansea-north,13,3,86,26.87,18.04,32.92
BISH,swansea-north,111,7,162,26.87,18.04,32.92
BISH,swansea-north,216,10,205,26.87,18.04,32.92
BISH,swansea-north,253,14,316,26.87,18.04,32.92
BISH,swansea-north,1785,18,413,26.98,18.06,32.95
BLAP,swansea-north,0,0,52,12.43,0.92,3.76
BLAP,swansea-north,13,3,86,12.43,0.92,3.76
BLAP,swansea-north,111,7,162,12.43,0.92,3.76
BLAP,swansea-north,216,10,205,12.43,0.92,3.76
BLAP,swansea-north,253,14,316,12.43,0.92,3.76
BLAP,swansea-north,1785,18,413,12.25,0.85,3.68
BRID,swansea-north,0,0,52,15.14,2.23,12.75
BRID,swansea-north,13,3,86,15.14,2.23,12.75
BRID,swansea-north,111,7,162,15.14,2.23,12.75
BRID,swansea-north,216,10,205,15.14,2.23,12.75
BRID,swansea-north,253,14,316,15.14,2.23,12.75
BRID,swansea-north,1785,18,413,15.19,2.2,12.72
BWST,swansea-north,0,0,52,4.7,15.03,15.51
BWST,swansea-north,13,3,86,4.7,15.03,15.51
BWST,swansea-north,111,7,162,4.7,15.03,15.51
BWST,swansea-north,216,10,205,4.62,14.85,15.34
BWST,swansea-north,253,14,316,4.62,14.85,15.34
BWST,swansea-north,1785,18,413,4.62,14.86,15.35
Briton Ferry,swansea-north,0,0,52,0.0,0.0,0.0
Briton Ferry,swansea-north,13,3,86,0.0,0.0,0.0
Briton Ferry,swansea-north,111,7,162,0.0,0.0,0.0
Briton Ferry,swansea-north,216,10,205,0.0,0.0,0.0
Briton Ferry,swansea-north,253,14,316,0.0,0.0,0.0
Briton Ferry,swansea-north,1785,18,413,0.0,0.0,0.0
CARG,swansea-north,0,0,52,15.94,5.47,21.51
CARG,swansea-north,13,3,86,15.94,5.47,21.51
CARG,swansea-north,111,7,162,15.94,5.47,21.51
CARG,swansea-north,216,10,205,15.94,5.47,21.51
CARG,swansea-north,253,14,316,15.94,5.47,21.51
CARG,swansea-north,1785,18,413,15.92,5.37,21.5
CLAS,swansea-north,0,0,52,24.75,47.15,48.63
CLAS,swansea-north,13,3,86,24.75,47.15,48.63
CLAS,swansea-north,111,7,162,24.75,47.15,48.63
CLAS,swansea-north,216,10,205,29.44,45.85,48.24
CLAS,swansea-north,253,14,316,29.34,45.85,48.23
CLAS,swansea-north,1785,18,413,29.34,45.85,48.23
COMS,swansea-north,0,0,52,0.0,0.0,0.0
COMS,swansea-north,13,3,86,0.0,0.0,0.0
COMS,swansea-north,111,7,162,0.0,0.0,0.0
COMS,swansea-north,216,10,205,0.0,0.0,0.0
COMS,swansea-north,253,14,316,0.0,0.0,0.0
COMS,swansea-north,1785,18,413,0.0,0.0,0.0
CRHA,swansea-north,0,0,52,1.61,0.61,8.47
CRHA,swansea-north,13,3,86,1.61,0.61,8.47
CRHA,swansea-north,111,7,162,1.61,0.61,8.47
CRHA,swansea-north,216,10,205,1.61,0.61,8.47
CRHA,swansea-north,253,14,316,1.61,0.61,8.47
CRHA,swansea-north,1785,18,413,1.61,0.61,8.47
CWFR,swansea-north,0,0,52,4.42,20.0,28.77
CWFR,swansea-north,13,3,86,4.42,20.0,28.77
CWFR,swansea-north,111,7,162,4.42,20.0,28.77
CWFR,swansea-north,216,10,205,4.42,20.0,28.77
CWFR,swansea-north,253,14,316,4.42,20.0,28.77
CWFR,swansea-north,1785,18,413,4.42,20.0,28.77
Carmarthen,swansea-north,0,0,52,0.26,9.36,12.25
Carmarthen,swansea-north,13,3,86,0.26,9.36,12.25
Carmarthen,swansea-north,111,7,162,0.26,9.36,12.25
Carmarthen,swansea-north,216,10,205,0.26,9.36,12.25
Carmarthen,swansea-north,253,14,316,0.26,9.36,12.25
Carmarthen,swansea-north,1785,18,413,0.26,9.36,12.25
FOSL,swansea-north,0,0,52,21.59,4.62,19.64
FOSL,swansea-north,13,3,86,21.59,4.62,19.64
FOSL,swansea-north,111,7,162,21.59,4.62,19.64
FOSL,swansea-north,216,10,205,21.59,4.62,19.64
FOSL,swansea-north,253,14,316,21.59,4.62,19.64
FOSL,swansea-north,1785,18,413,21.59,4.62,19.64
FRBN,swansea-north,0,0,52,4.63,15.22,15.28
FRBN,swansea-north,13,3,86,4.63,15.22,15.28
FRBN,swansea-north,111,7,162,4.63,15.22,15.28
FRBN,swansea-north,216,10,205,4.56,15.09,15.17
FRBN,swansea-north,253,14,316,4.56,15.09,15.17
FRBN,swansea-north,1785,18,413,4.56,15.1,15.17
GARN,swansea-north,0,0,52,19.79,33.36,26.16
GARN,swansea-north,13,3,86,19.79,33.36,26.16
GARN,swansea-north,111,7,162,19.81,33.36,26.16
GARN,swansea-north,216,10,205,21.78,33.93,26.6
GARN,swansea-north,253,14,316,21.13,33.93,26.57
GARN,swansea-north,1785,18,413,21.14,33.93,26.57
GWAU,swansea-north,0,0,52,30.51,51.38,56.96
GWAU,swansea-north,13,3,86,30.45,51.38,56.96
GWAU,swansea-north,111,7,162,45.57,53.85,59.23
GWAU,swansea-north,216,10,205,45.57,53.85,59.23
GWAU,swansea-north,253,14,316,45.57,53.85,59.23
GWAU,swansea-north,1785,18,413,45.57,53.85,59.23
Gowerton East,swansea-north,0,0,52,0.0,0.0,0.0
Gowerton East,swansea-north,13,3,86,0.0,0.0,0.0
Gowerton East,swansea-north,111,7,162,0.0,0.0,0.0
Gowerton East,swansea-north,216,10,205,0.0,0.0,0.0
Gowerton East,swansea-north,253,14,316,0.0,0.0,0.0
Gowerton East,swansea-north,1785,18,413,0.0,0.0,0.0
HEND,swansea-north,0,0,52,0.0,0.0,0.01
HEND,swansea-north,13,3,86,0.0,0.0,0.01
HEND,swansea-north,111,7,162,0.0,0.0,0.01
HEND,swansea-north,216,10,205,0.0,0.0,0.01
HEND,swansea-north,253,14,316,0.0,0.0,0.01
HEND,swansea-north,1785,18,413,0.0,0.0,0.01
HOPK,swansea-north,0,0,52,0.0,0.0,0.0
HOPK,swansea-north,13,3,86,0.0,0.0,0.0
HOPK,swansea-north,111,7,162,0.0,0.0,0.0
HOPK,swansea-north,216,10,205,0.0,0.0,0.0
HOPK,swansea-north,253,14,316,0.0,0.0,0.0
HOPK,swansea-north,1785,18,413,0.0,0.0,0.0
Hirwaun,swansea-north,0,0,52,0.0,0.0,0.0
Hirwaun,swansea-north,13,3,86,0.0,0.0,0.0
Hirwaun,swansea-north,111,7,162,0.0,0.0,0.0
Hirwaun,swansea-north,216,10,205,0.0,0.0,0.0
Hirwaun,swansea-north,253,14,316,0.0,0.0,0.0
Hirwaun,swansea-north,1785,18,413,0.0,0.0,0.0
INCS,swansea-north,0,0,52,7.35,3.34,13.49
INCS,swansea-north,13,3,86,7.35,3.34,13.49
INCS,swansea-north,111,7,162,57.05,10.75,20.67
INCS,swansea-north,216,10,205,57.05,10.75,20.67
INCS,swansea-north,253,14,316,57.05,10.75,20.67
INCS,swansea-north,1785,18,413,57.05,10.75,20.67
JERM,swansea-north,0,0,52,0.0,0.0,0.0
JERM,swansea-north,13,3,86,0.0,0.0,0.0
JERM,swansea-north,111,7,162,0.0,0.0,0.0
JERM,swansea-north,216,10,205,0.0,0.0,0.0
JERM,swansea-north,253,14,316,0.0,0.0,0.0
JERM,swansea-north,1785,18,413,0.0,0.0,0.0
KIDW,swansea-north,0,0,52,16.67,1.66,11.75
KIDW,swansea-north,13,3,86,16.67,1.66,11.75
KIDW,swansea-north,111,7,162,16.67,1.66,11.75
KIDW,swansea-north,216,10,205,16.67,1.66,11.75
KIDW,swansea-north,253,14,316,16.67,1.66,11.75
KIDW,swansea-north,1785,18,413,16.67,1.66,11.75
LBRI,swansea-north,0,0,52,30.39,40.87,45.59
LBRI,swansea-north,13,3,86,30.39,40.87,45.59
LBRI,swansea-north,111,7,162,30.39,40.87,45.59
LBRI,swansea-north,216,10,205,30.56,40.97,45.65
LBRI,swansea-north,253,14,316,30.56,40.97,45.65
LBRI,swansea-north,1785,18,413,30.56,40.97,45.65
LDEI,swansea-north,0,0,52,6.72,1.19,12.9
LDEI,swansea-north,13,3,86,6.72,1.51,13.16
LDEI,swansea-north,111,7,162,6.72,1.51,13.16
LDEI,swansea-north,216,10,205,6.76,4.56,14.86
LDEI,swansea-north,253,14,316,6.76,4.56,14.86
LDEI,swansea-north,1785,18,413,6.76,4.65,14.9
LDOV,swansea-north,0,0,52,3.12,2.19,14.89
LDOV,swansea-north,13,3,86,2.89,1.28,13.92
LDOV,swansea-north,111,7,162,2.89,1.28,13.92
LDOV,swansea-north,216,10,205,2.5,2.58,12.19
LDOV,swansea-north,253,14,316,2.5,2.58,12.19
LDOV,swansea-north,1785,18,413,2.5,2.63,12.21
LFYR,swansea-north,0,0,52,5.52,17.41,20.6
LFYR,swansea-north,13,3,86,5.52,17.41,20.6
LFYR,swansea-north,111,7,162,5.52,17.41,20.6
LFYR,swansea-north,216,10,205,5.52,17.41,20.6
LFYR,swansea-north,253,14,316,5.52,17.41,20.6
LFYR,swansea-north,1785,18,413,5.52,17.41,20.6
LGAD,swansea-north,0,0,52,3.1,0.43,8.59
LGAD,swansea-north,13,3,86,3.11,0.72,9.15
LGAD,swansea-north,111,7,162,3.11,0.72,9.15
LGAD,swansea-north,216,10,205,3.51,4.05,12.16
LGAD,swansea-north,253,14,316,3.51,4.05,12.16
LGAD,swansea-north,1785,18,413,3.51,4.1,12.2
LILA,swansea-north,0,0,52,4.71,14.96,15.52
LILA,swansea-north,13,3,86,4.71,14.96,15.52
LILA,swansea-north,111,7,162,4.71,14.96,15.52
LILA,swansea-north,216,10,205,4.62,14.75,15.34
LILA,swansea-north,253,14,316,4.62,14.75,15.34
LILA,swansea-north,1785,18,413,4.62,14.76,15.35
LLAY,swansea-north,0,0,52,0.0,0.0,0.0
LLAY,swansea-north,13,3,86,0.0,0.0,0.0
LLAY,swansea-north,111,7,162,0.0,0.0,0.0
LLAY,swansea-north,216,10,205,0.36,0.67,0.23
LLAY,swansea-north,253,14,316,0.36,0.67,0.23
LLAY,swansea-north,1785,18,413,0.36,0.67,0.22
LLCY,swansea-north,0,0,52,0.0,0.02,0.39
LLCY,swansea-north,13,3,86,0.0,0.02,0.39
LLCY,swansea-north,111,7,162,0.0,0.02,0.39
LLCY,swansea-north,216,10,205,0.0,0.02,0.39
LLCY,swansea-north,253,14,316,0.0,0.02,0.39
LLCY,swansea-north,1785,18,413,0.0,0.02,0.39
LLNT,swansea-north,0,0,52,6.9,0.19,1.43
LLNT,swansea-north,13,3,86,6.9,0.19,1.43
LLNT,swansea-north,111,7,162,6.9,0.19,1.43
LLNT,swansea-north,216,10,205,6.9,0.19,1.43
LLNT,swansea-north,253,14,316,6.9,0.19,1.43
LLNT,swansea-north,1785,18,413,6.9,0.19,1.43
LRHI,swansea-north,0,0,52,2.83,0.96,12.09
LRHI,swansea-north,13,3,86,2.83,0.96,12.09
LRHI,swansea-north,111,7,162,2.83,0.96,12.09
LRHI,swansea-north,216,10,205,2.83,0.96,12.09
LRHI,swansea-north,253,14,316,2.83,0.96,12.09
LRHI,swansea-north,1785,18,413,25.38,18.04,33.21
LWNI,swansea-north,0,0,52,0.0,0.0,3.5
LWNI,swansea-north,13,3,86,0.0,0.07,4.7
LWNI,swansea-north,111,7,162,0.0,0.07,4.7
LWNI,swansea-north,216,10,205,0.17,5.57,11.07
LWNI,swansea-north,253,14,316,0.17,5.57,11.07
LWNI,swansea-north,1785,18,413,0.17,5.57,11.07
Lampeter,swansea-north,0,0,52,0.0,0.0,0.02
Lampeter,swansea-north,13,3,86,0.0,0.0,0.04
Lampeter,swansea-north,111,7,162,0.0,0.0,0.04
Lampeter,swansea-north,216,10,205,0.42,0.96,0.37
Lampeter,swansea-north,253,14,316,0.42,0.96,0.37
Lampeter,swansea-north,1785,18,413,0.42,0.96,0.37
Llanarth,swansea-north,0,0,52,0.0,0.0,0.0
Llanarth,swansea-north,13,3,86,0.0,0.0,0.0
Llanarth,swansea-north,111,7,162,0.0,0.0,0.0
Llanarth,swansea-north,216,10,205,0.0,0.0,0.0
Llanarth,swansea-north,253,14,316,0.0,0.0,0.0
Llanarth,swansea-north,1785,18,413,0.0,0.0,0.0
MACH,swansea-north,0,0,52,4.61,15.04,15.16
MACH,swansea-north,13,3,86,4.61,15.04,15.16
MACH,swansea-north,111,7,162,4.61,15.04,15.16
MACH,swansea-north,216,10,205,4.54,14.91,15.04
MACH,swansea-north,253,14,316,4.54,14.91,15.04
MACH,swansea-north,1785,18,413,4.54,14.91,15.04
MAER,swansea-north,0,0,52,2.62,22.61,14.82
MAER,swansea-north,13,3,86,2.62,22.61,14.82
MAER,swansea-north,111,7,162,2.62,22.61,14.82
MAER,swansea-north,216,10,205,2.62,22.61,14.82
MAER,swansea-north,253,14,316,2.62,22.61,14.82
MAER,swansea-north,1785,18,413,2.62,22.61,14.82
MAES,swansea-north,0,0,52,0.0,0.0,0.0
MAES,swansea-north,13,3,86,0.0,0.0,0.0
MAES,swansea-north,111,7,162,0.0,0.0,0.0
MAES,swansea-north,216,10,205,0.0,0.0,0.0
MAES,swansea-north,253,14,316,0.0,0.0,0.0
MAES,swansea-north,1785,18,413,0.0,0.0,0.0
MYND,swansea-north,0,0,52,4.59,14.84,15.02
MYND,swansea-north,13,3,86,4.59,14.84,15.02
MYND,swansea-north,111,7,162,4.59,14.84,15.02
MYND,swansea-north,216,10,205,4.51,14.69,14.88
MYND,swansea-north,253,14,316,4.51,14.69,14.88
MYND,swansea-north,1785,18,413,4.52,14.7,14.89
NANG,swansea-north,0,0,52,27.69,17.08,33.66
NANG,swansea-north,13,3,86,27.69,17.08,33.66
NANG,swansea-north,111,7,162,27.69,17.08,33.66
NANG,swansea-north,216,10,205,27.69,17.08,33.66
NANG,swansea-north,253,14,316,27.69,17.08,33.66
NANG,swansea-north,1785,18,413,27.69,17.08,33.66
NEVE,swansea-north,0,0,52,15.14,2.23,12.75
NEVE,swansea-north,13,3,86,15.14,2.23,12.75
NEVE,swansea-north,111,7,162,15.14,2.23,12.75
NEVE,swansea-north,216,10,205,15.14,2.23,12.75
NEVE,swansea-north,253,14,316,15.14,2.23,12.75
NEVE,swansea-north,1785,18,413,15.19,2.2,12.72
NEWL,swansea-north,0,0,52,24.91,7.93,24.65
NEWL,swansea-north,13,3,86,24.91,7.93,24.65
NEWL,swansea-north,111,7,162,24.91,7.93,24.65
NEWL,swansea-north,216,10,205,24.91,7.93,24.65
NEWL,swansea-north,253,14,316,24.91,7.93,24.65
NEWL,swansea-north,1785,18,413,24.91,7.93,24.65
PCYL,swansea-north,0,0,52,4.64,15.24,15.33
PCYL,swansea-north,13,3,86,4.64,15.24,15.33
PCYL,swansea-north,111,7,162,4.64,15.24,15.33
PCYL,swansea-north,216,10,205,4.57,15.11,15.21
PCYL,swansea-north,253,14,316,4.57,15.11,15.21
PCYL,swansea-north,1785,18,413,4.57,15.11,15.22
PEND,swansea-north,0,0,52,11.54,19.05,27.9
PEND,swansea-north,13,3,86,11.54,19.05,27.9
PEND,swansea-north,111,7,162,11.54,19.05,27.9
PEND,swansea-north,216,10,205,11.54,19.05,27.9
PEND,swansea-north,253,14,316,11.54,19.05,27.9
PEND,swansea-north,1785,18,413,11.54,19.05,27.9
PGTN,swansea-north,0,0,52,1.87,1.73,16.19
PGTN,swansea-north,13,3,86,1.76,1.72,16.19
PGTN,swansea-north,111,7,162,2.1,1.74,16.2
PGTN,swansea-north,216,10,205,2.1,1.74,16.2
PGTN,swansea-north,253,14,316,2.14,1.74,16.2
PGTN,swansea-north,1785,18,413,2.26,1.75,16.2
PNTA,swansea-north,0,0,52,6.62,2.97,17.56
PNTA,swansea-north,13,3,86,6.62,2.97,17.56
PNTA,swansea-north,111,7,162,6.62,2.97,17.56
PNTA,swansea-north,216,10,205,6.62,2.97,17.56
PNTA,swansea-north,253,14,316,6.62,2.97,17.56
PNTA,swansea-north,1785,18,413,6.62,2.97,17.56
PONA,swansea-north,0,0,52,10.49,8.3,24.99
PONA,swansea-north,13,3,86,10.09,6.88,24.34
PONA,swansea-north,111,7,162,10.09,6.88,24.34
PONA,swansea-north,216,10,205,8.81,2.46,21.27
PONA,swansea-north,253,14,316,8.81,2.46,21.27
PONA,swansea-north,1785,18,413,8.79,2.41,21.23
POND,swansea-north,0,0,52,1.64,0.98,11.15
POND,swansea-north,13,3,86,1.52,0.98,11.15
POND,swansea-north,111,7,162,1.71,0.99,11.23
POND,swansea-north,216,10,205,1.71,0.99,11.23
POND,swansea-north,253,14,316,1.77,0.99,11.23
POND,swansea-north,1785,18,413,1.92,1.01,11.24
PONY,swansea-north,0,0,52,7.94,1.25,14.62
PONY,swansea-north,13,3,86,7.94,1.25,14.62
PONY,swansea-north,111,7,162,7.94,1.25,14.62
PONY,swansea-north,216,10,205,7.94,1.25,14.62
PONY,swansea-north,253,14,316,7.94,1.25,14.62
PONY,swansea-north,1785,18,413,7.94,1.25,14.62
RAVE,swansea-north,0,0,52,0.0,0.0,0.0
RAVE,swansea-north,13,3,86,0.0,0.0,0.0
RAVE,swansea-north,111,7,162,0.0,0.0,0.0
RAVE,swansea-north,216,10,205,0.0,0.0,0.0
RAVE,swansea-north,253,14,316,0.03,0.0,0.01
RAVE,swansea-north,1785,18,413,0.99,0.02,0.45
REDC,swansea-north,0,0,52,0.26,9.36,12.25
REDC,swansea-north,13,3,86,0.26,9.36,12.25
REDC,swansea-north,111,7,162,0.26,9.36,12.25
REDC,swansea-north,216,10,205,0.26,9.36,12.25
REDC,swansea-north,253,14,316,0.26,9.36,12.25
REDC,swansea-north,1785,18,413,0.26,9.36,12.25
RGOS,swansea-north,0,0,52,0.0,0.0,0.0
RGOS,swansea-north,13,3,86,0.0,0.0,0.0
RGOS,swansea-north,111,7,162,0.0,0.0,0.0
RGOS,swansea-north,216,10,205,0.0,0.0,0.0
RGOS,swansea-north,253,14,316,0.0,0.0,0.0
RGOS,swansea-north,1785,18,413,0.0,0.0,0.0
RHYD,swansea-north,0,0,52,5.18,15.02,16.98
RHYD,swansea-north,13,3,86,5.18,15.02,16.98
RHYD,swansea-north,111,7,162,5.18,15.02,16.98
RHYD,swansea-north,216,10,205,5.05,14.75,16.76
RHYD,swansea-north,253,14,316,5.05,14.75,16.76
RHYD,swansea-north,1785,18,413,5.06,14.76,16.77
Rhos,swansea-north,0,0,52,0.25,0.0,0.01
Rhos,swansea-north,13,3,86,0.25,0.0,0.01
Rhos,swansea-north,111,7,162,0.25,0.0,0.01
Rhos,swansea-north,216,10,205,0.25,0.0,0.01
Rhos,swansea-north,253,14,316,0.25,0.0,0.01
Rhos,swansea-north,1785,18,413,0.23,0.0,0.01
SOFI,swansea-north,0,0,52,0.0,0.0,0.0
SOFI,swansea-north,13,3,86,0.0,0.0,0.0
SOFI,swansea-north,111,7,162,0.0,0.0,0.0
SOFI,swansea-north,216,10,205,0.0,0.0,0.0
SOFI,swansea-north,253,14,316,0.0,0.0,0.0
SOFI,swansea-north,1785,18,413,0.0,0.0,0.0
STCL,swansea-north,0,0,52,26.49,32.45,40.7
STCL,swansea-north,13,3,86,26.49,32.45,40.7
STCL,swansea-north,111,7,162,26.49,32.45,40.7
STCL,swansea-north,216,10,205,26.49,32.45,40.7
STCL,swansea-north,253,14,316,26.49,32.45,40.7
STCL,swansea-north,1785,18,413,26.49,32.45,40.7
SWAU,swansea-north,0,0,52,13.35,15.3,31.52
SWAU,swansea-north,13,3,86,13.35,15.3,31.52
SWAU,swansea-north,111,7,162,13.35,15.3,31.52
SWAU,swansea-north,216,10,205,13.35,15.3,31.52
SWAU,swansea-north,253,14,316,13.35,15.3,31.52
SWAU,swansea-north,1785,18,413,13.66,15.32,31.6
Swansea North,swansea-north,0,0,52,0.0,0.0,0.0
Swansea North,swansea-north,13,3,86,0.0,0.0,0.0
Swansea North,swansea-north,111,7,162,0.02,0.0,0.0
Swansea North,swansea-north,216,10,205,1.13,0.0,0.06
Swansea North,swansea-north,253,14,316,0.43,0.0,0.02
Swansea North,swansea-north,1785,18,413,0.45,0.0,0.03
Swansea West,swansea-north,0,0,52,0.0,0.0,0.0
Swansea West,swansea-north,13,3,86,0.0,0.0,0.0
Swansea West,swansea-north,111,7,162,0.0,0.0,0.0
Swansea West,swansea-north,216,10,205,0.0,0.0,0.0
Swansea West,swansea-north,253,14,316,0.03,0.0,0.01
Swansea West,swansea-north,1785,18,413,0.99,0.02,0.45
TIMT,swansea-north,0,0,52,0.0,0.0,0.0
TIMT,swansea-north,13,3,86,0.0,0.0,0.0
TIMT,swansea-north,111,7,162,0.0,0.0,0.0
TIMT,swansea-north,216,10,205,0.0,0.0,0.0
TIMT,swansea-north,253,14,316,0.0,0.0,0.0
TIMT,swansea-north,1785,18,413,0.0,0.0,0.0
TREG,swansea-north,0,0,52,0.03,0.0,1.16
TREG,swansea-north,13,3,86,0.03,0.0,1.17
TREG,swansea-north,111,7,162,0.03,0.0,1.17
TREG,swansea-north,216,10,205,0.44,0.91,1.47
TREG,swansea-north,253,14,316,0.44,0.91,1.47
TREG,swansea-north,1785,18,413,0.44,0.91,1.47
TREV,swansea-north,0,0,52,0.26,9.4,12.32
TREV,swansea-north,13,3,86,0.26,9.4,12.32
TREV,swansea-north,111,7,162,0.26,9.4,12.32
TREV,swansea-north,216,10,205,0.26,9.4,12.32
TREV,swansea-north,253,14,316,0.26,9.4,12.32
TREV,swansea-north,1785,18,413,0.26,9.4,12.32
TSKT,swansea-north,0,0,52,0.0,0.0,0.0
TSKT,swansea-north,13,3,86,0.0,0.0,0.0
TSKT,swansea-north,111,7,162,0.0,0.0,0.0
TSKT,swansea-north,216,10,205,0.0,0.0,0.0
TSKT,swansea-north,253,14,316,0.03,0.0,0.01
TSKT,swansea-north,1785,18,413,0.99,0.02,0.45
TUMB,swansea-north,0,0,52,1.24,0.21,8.08
TUMB,swansea-north,13,3,86,1.24,0.21,8.08
TUMB,swansea-north,111,7,162,1.24,0.21,8.08
TUMB,swansea-north,216,10,205,1.24,0.21,8.08
TUMB,swansea-north,253,14,316,1.24,0.21,8.08
TUMB,swansea-north,1785,18,413,1.24,0.21,8.08
TWYN,swansea-north,0,0,52,4.62,15.2,15.25
TWYN,swansea-north,13,3,86,4.62,15.2,15.25
TWYN,swansea-north,111,7,162,4.62,15.2,15.25
TWYN,swansea-north,216,10,205,4.55,15.07,15.14
TWYN,swansea-north,253,14,316,4.55,15.07,15.14
TWYN,swansea-north,1785,18,413,4.55,15.07,15.14
Tir John,swansea-north,0,0,52,0.0,0.0,0.0
Tir John,swansea-north,13,3,86,0.0,0.0,0.0
Tir John,swansea-north,111,7,162,0.0,0.0,0.0
Tir John,swansea-north,216,10,205,0.0,0.0,0.0
Tir John,swansea-north,253,14,316,0.0,0.0,0.0
Tir John,swansea-north,1785,18,413,0.0,0.0,0.0
Trostre,swansea-north,0,0,52,0.0,0.0,0.0
Trostre,swansea-north,13,3,86,0.0,0.0,0.0
Trostre,swansea-north,111,7,162,0.0,0.0,0.0
Trostre,swansea-north,216,10,205,0.0,0.0,0.0
Trostre,swansea-north,253,14,316,0.0,0.0,0.0
Trostre,swansea-north,1785,18,413,0.0,0.0,0.0
WAUN,swansea-north,0,0,52,27.15,54.77,57.64
WAUN,swansea-north,13,3,86,27.15,54.77,57.64
WAUN,swansea-north,111,7,162,27.16,54.77,57.64
WAUN,swansea-north,216,10,205,22.84,52.15,53.34
WAUN,swansea-north,253,14,316,22.19,52.15,53.31
WAUN,swansea-north,1785,18,413,22.2,52.15,53.32
WESX,swansea-north,0,0,52,0.24,0.03,3.73
WESX,swansea-north,13,3,86,0.24,0.03,3.73
WESX,swansea-north,111,7,162,0.24,0.03,3.73
WESX,swansea-north,216,10,205,0.24,0.03,3.73
WESX,swansea-north,253,14,316,0.26,0.03,3.74
WESX,swansea-north,1785,18,413,1.22,0.05,4.09
WGWB,swansea-north,0,0,52,14.18,11.64,27.19
WGWB,swansea-north,13,3,86,14.18,11.64,27.19
WGWB,swansea-north,111,7,162,14.18,11.64,27.19
WGWB,swansea-north,216,10,205,14.18,11.64,27.19
WGWB,swansea-north,253,14,316,14.18,11.64,27.19
WGWB,swansea-north,1785,18,413,14.18,11.64,27.19
WHIT,swansea-north,0,0,52,28.01,28.97,39.48
WHIT,swansea-north,13,3,86,28.01,28.97,39.48
WHIT,swansea-north,111,7,162,28.01,28.97,39.48
WHIT,swansea-north,216,10,205,28.01,28.97,39.48
WHIT,swansea-north,253,14,316,28.01,28.97,39.48
WHIT,swansea-north,1785,18,413,28.01,28.97,39.48
WSTC,swansea-north,0,0,52,18.83,1.85,13.53
WSTC,swansea-north,13,3,86,9.48,0.19,4.31
WSTC,swansea-north,111,7,162,10.87,0.25,4.56
WSTC,swansea-north,216,10,205,10.87,0.25,4.56
WSTC,swansea-north,253,14,316,13.3,0.39,4.97
WSTC,swansea-north,1785,18,413,13.3,0.39,4.97
YNST,swansea-north,0,0,52,0.01,1.56,1.83
YNST,swansea-north,13,3,86,0.01,1.56,1.83
YNST,swansea-north,111,7,162,0.01,1.56,1.83
YNST,swansea-north,216,10,205,0.01,1.56,1.83
YNST,swansea-north,253,14,316,0.01,1.56,1.83
YNST,swansea-north,1785,18,413,0.01,1.56,1.83
YNYS,swansea-north,0,0,52,0.61,12.42,5.28
YNYS,swansea-north,13,3,86,0.61,12.42,5.28
YNYS,swansea-north,111,7,162,0.61,12.42,5.28
YNYS,swansea-north,216,10,205,0.61,12.42,5.28
YNYS,swansea-north,253,14,316,0.61,12.42,5.28
YNYS,swansea-north,1785,18,413,0.61,12.42,5.28
YSTF,swansea-north,0,0,52,3.26,7.56,22.09
YSTF,swansea-north,13,3,86,3.23,7.55,22.09
YSTF,swansea-north,111,7,162,3.23,7.55,22.09
YSTF,swansea-north,216,10,205,3.53,8.02,22.2
YSTF,swansea-north,253,14,316,3.53,8.02,22.2
YSTF,swansea-north,1785,18,413,3.53,8.02,22.2
Ystradgynlais,swansea-north,0,0,52,0.19,0.01,0.01
Ystradgynlais,swansea-north,13,3,86,0.0,0.0,0.0
Ystradgynlais,swansea-north,111,7,162,0.0,0.0,0.0
Ystradgynlais,swansea-north,216,10,205,0.0,0.0,0.0
Ystradgynlais,swansea-north,253,14,316,0.46,0.0,0.08
Ystradgynlais,swansea-north,1785,18,413,0.83,0.04,0.15
ABTY,upper-boat,0,0,11,6.51,1.4,12.13
ABTY,upper-boat,53,3,81,6.51,1.4,12.13
ABTY,upper-boat,114,6,180,6.51,1.4,12.13
ABTY,upper-boat,243,9,273,6.51,1.4,12.13
ABTY,upper-boat,1611,12,336,6.51,1.4,12.13
ABTY,upper-boat,1808,16,376,37.26,35.39,30.92
BARG,upper-boat,0,0,11,0.34,3.86,19.85
BARG,upper-boat,53,3,81,0.34,3.86,19.85
BARG,upper-boat,114,6,180,0.34,3.86,19.85
BARG,upper-boat,243,9,273,0.34,3.86,19.85
BARG,upper-boat,1611,12,336,0.34,3.86,19.85
BARG,upper-boat,1808,16,376,13.67,12.34,12.46
CAER,upper-boat,0,0,11,0.01,0.16,0.13
CAER,upper-boat,53,3,81,0.0,0.01,0.06
CAER,upper-boat,114,6,180,0.0,0.13,0.1
CAER,upper-boat,243,9,273,0.01,0.18,0.12
CAER,upper-boat,1611,12,336,0.01,0.13,0.08
CAER,upper-boat,1808,16,376,0.0,0.06,0.06
CREI,upper-boat,0,0,11,0.01,0.16,0.07
CREI,upper-boat,53,3,81,0.0,0.01,0.0
CREI,upper-boat,114,6,180,0.0,0.13,0.05
CREI,upper-boat,243,9,273,0.01,0.18,0.06
CREI,upper-boat,1611,12,336,0.01,0.13,0.02
CREI,upper-boat,1808,16,376,0.0,0.06,0.0
Dowlais,upper-boat,0,0,11,0.0,0.0,0.0
Dowlais,upper-boat,53,3,81,0.0,0.0,0.0
Dowlais,upper-boat,114,6,180,0.0,0.0,0.0
Dowlais,upper-boat,243,9,273,0.0,0.0,0.0
Dowlais,upper-boat,1611,12,336,0.0,0.0,0.0
Dowlais,upper-boat,1808,16,376,0.01,0.14,0.21
ENER,upper-boat,0,0,11,0.01,0.16,0.07
ENER,upper-boat,53,3,81,0.0,0.01,0.0
ENER,upper-boat,114,6,180,0.0,0.13,0.05
ENER,upper-boat,243,9,273,0.01,0.18,0.06
ENER,upper-boat,1611,12,336,0.01,0.13,0.02
ENER,upper-boat,1808,16,376,0.0,0.06,0.01
GASY,upper-boat,0,0,11,0.01,0.06,2.36
GASY,upper-boat,53,3,81,0.03,0.38,7.28
GASY,upper-boat,114,6,180,0.04,0.06,5.73
GASY,upper-boat,243,9,273,0.0,0.04,4.8
GASY,upper-boat,1611,12,336,0.0,0.12,9.54
GASY,upper-boat,1808,16,376,0.01,0.29,10.86
IRON,upper-boat,0,0,11,0.03,0.18,1.23
IRON,upper-boat,53,3,81,0.02,0.02,1.16
IRON,upper-boat,114,6,180,0.02,0.15,1.21
IRON,upper-boat,243,9,273,0.03,0.2,1.23
IRON,upper-boat,1611,12,336,0.03,0.15,1.19
IRON,upper-boat,1808,16,376,0.02,0.08,1.17
LADY,upper-boat,0,0,11,1.32,3.29,7.12
LADY,upper-boat,53,3,81,4.27,4.83,20.88
LADY,upper-boat,114,6,180,4.75,2.21,17.22
LADY,upper-boat,243,9,273,1.39,1.6,14.0
LADY,upper-boat,1611,12,336,5.48,3.79,29.19
LADY,upper-boat,1808,16,376,7.57,5.37,32.81
MASH,upper-boat,0,0,11,3.56,5.01,15.51
MASH,upper-boat,53,3,81,11.93,7.56,31.12
MASH,upper-boat,114,6,180,12.33,3.34,26.61
MASH,upper-boat,243,9,273,1.91,2.23,22.94
MASH,upper-boat,1611,12,336,8.62,5.21,36.73
MASH,upper-boat,1808,16,376,12.48,7.38,40.23
MILL,upper-boat,0,0,11,16.79,20.66,32.68
MILL,upper-boat,53,3,81,16.78,20.5,32.62
MILL,upper-boat,114,6,180,16.79,20.64,32.66
MILL,upper-boat,243,9,273,16.82,20.69,32.68
MILL,upper-boat,1611,12,336,16.81,20.63,32.65
MILL,upper-boat,1808,16,376,16.79,20.54,32.62
MORL,upper-boat,0,0,11,4.12,2.75,17.58
MORL,upper-boat,53,3,81,4.11,2.6,17.53
MORL,upper-boat,114,6,180,4.11,2.72,17.57
MORL,upper-boat,243,9,273,4.12,2.76,17.58
MORL,upper-boat,1611,12,336,4.12,2.71,17.55
MORL,upper-boat,1808,16,376,4.11,2.65,17.53
Mountain Ash,upper-boat,0,0,11,3.62,5.03,14.69
Mountain Ash,upper-boat,53,3,81,12.06,7.6,31.02
Mountain Ash,upper-boat,114,6,180,12.45,3.35,26.37
Mountain Ash,upper-boat,243,9,273,1.91,2.23,22.6
Mountain Ash,upper-boat,1611,12,336,8.67,5.23,36.64
Mountain Ash,upper-boat,1808,16,376,12.57,7.41,40.19
NANW,upper-boat,0,0,11,1.62,0.03,0.71
NANW,upper-boat,53,3,81,1.62,0.03,0.71
NANW,upper-boat,114,6,180,1.62,0.03,0.71
NANW,upper-boat,243,9,273,1.62,0.03,0.71
NANW,upper-boat,1611,12,336,1.62,0.03,0.71
NANW,upper-boat,1808,16,376,21.68,24.87,15.43
NELS,upper-boat,0,0,11,0.98,0.95,3.98
NELS,upper-boat,53,3,81,2.52,2.5,14.54
NELS,upper-boat,114,6,180,2.6,1.56,12.34
NELS,upper-boat,243,9,273,1.3,1.38,10.12
NELS,upper-boat,1611,12,336,4.43,3.22,24.27
NELS,upper-boat,1808,16,376,6.07,4.56,27.69
PENR,upper-boat,0,0,11,16.11,18.3,31.26
PENR,upper-boat,53,3,81,23.01,18.03,39.91
PENR,upper-boat,114,6,180,23.75,17.06,37.76
PENR,upper-boat,243,9,273,19.47,17.54,35.88
PENR,upper-boat,1611,12,336,24.68,19.71,44.52
PENR,upper-boat,1808,16,376,26.28,19.84,46.6
PENT,upper-boat,0,0,11,1.04,0.04,2.14
PENT,upper-boat,53,3,81,1.04,0.04,2.14
PENT,upper-boat,114,6,180,1.04,0.04,2.14
PENT,upper-boat,243,9,273,1.04,0.04,2.14
PENT,upper-boat,1611,12,336,1.04,0.04,2.14
PENT,upper-boat,1808,16,376,14.43,13.47,12.54
SPTC,upper-boat,0,0,11,7.1,15.85,15.84
SPTC,upper-boat,53,3,81,7.09,15.76,15.81
SPTC,upper-boat,114,6,180,7.09,15.82,15.83
SPTC,upper-boat,243,9,273,7.1,15.85,15.84
SPTC,upper-boat,1611,12,336,7.1,15.83,15.83
SPTC,upper-boat,1808,16,376,7.09,15.78,15.81
SWRD,upper-boat,0,0,11,1.21,0.13,3.74
SWRD,upper-boat,53,3,81,1.21,0.13,3.74
SWRD,upper-boat,114,6,180,1.21,0.13,3.74
SWRD,upper-boat,243,9,273,1.21,0.13,3.74
SWRD,upper-boat,1611,12,336,1.21,0.13,3.74
SWRD,upper-boat,1808,16,376,13.6,12.61,12.88
TONY,upper-boat,0,0,11,0.07,2.27,2.02
TONY,upper-boat,53,3,81,0.05,0.4,0.69
TONY,upper-boat,114,6,180,0.09,2.35,1.39
TONY,upper-boat,243,9,273,0.87,3.76,1.88
TONY,upper-boat,1611,12,336,0.59,2.97,0.9
TONY,upper-boat,1808,16,376,0.17,1.17,0.72
TRET,upper-boat,0,0,11,0.02,0.63,4.99
TRET,upper-boat,53,3,81,0.0,0.31,4.08
TRET,upper-boat,114,6,180,0.0,0.43,4.12
TRET,upper-boat,243,9,273,0.01,0.48,4.14
TRET,upper-boat,1611,12,336,0.01,0.43,4.1
TRET,upper-boat,1808,16,376,0.0,0.36,4.09
UPPB,upper-boat,0,0,11,0.01,0.16,0.07
UPPB,upper-boat,53,3,81,0.0,0.01,0.0
UPPB,upper-boat,114,6,180,0.0,0.13,0.05
UPPB,upper-boat,243,9,273,0.01,0.18,0.06
UPPB,upper-boat,1611,12,336,0.01,0.13,0.02
UPPB,upper-boat,1808,16,376,0.0,0.06,0.0
WATT,upper-boat,0,0,11,20.31,28.01,35.82
WATT,upper-boat,53,3,81,16.67,26.39,34.87
WATT,upper-boat,114,6,180,10.24,21.12,32.04
WATT,upper-boat,243,9,273,5.53,17.78,29.55
WATT,upper-boat,1611,12,336,4.74,16.23,28.5
WATT,upper-boat,1808,16,376,3.78,14.42,28.32
BRIE,uskmouth,0,0,24,0.05,0.77,2.15
BRIE,uskmouth,11,3,105,0.05,0.77,2.15
BRIE,uskmouth,62,6,323,0.05,0.77,2.15
BRIE,uskmouth,163,9,378,0.05,0.77,2.15
BRIE,uskmouth,371,12,528,0.05,0.77,2.15
BRIE,uskmouth,1810,15,586,0.16,0.78,2.16
CHEP,uskmouth,0,0,24,34.88,23.01,36.42
CHEP,uskmouth,11,3,105,34.89,23.02,36.42
CHEP,uskmouth,62,6,323,34.91,23.02,36.42
CHEP,uskmouth,163,9,378,34.91,23.02,36.42
CHEP,uskmouth,371,12,528,34.91,23.02,36.42
CHEP,uskmouth,1810,15,586,34.91,23.02,36.42
NEWH,uskmouth,0,0,24,11.5,6.58,23.78
NEWH,uskmouth,11,3,105,11.52,6.58,23.79
NEWH,uskmouth,62,6,323,11.61,6.6,23.8
NEWH,uskmouth,163,9,378,11.61,6.6,23.8
NEWH,uskmouth,371,12,528,11.61,6.6,23.8
NEWH,uskmouth,1810,15,586,11.65,6.61,23.8
Newport South,uskmouth,0,0,24,0.05,0.77,2.03
Newport South,uskmouth,11,3,105,0.05,0.77,2.03
Newport South,uskmouth,62,6,323,0.05,0.77,2.03
Newport South,uskmouth,163,9,378,0.05,0.77,2.03
Newport South,uskmouth,371,12,528,0.05,0.77,2.03
Newport South,uskmouth,1810,15,586,0.16,0.78,2.05
Sudbrook,uskmouth,0,0,24,0.0,0.12,2.04
Sudbrook,uskmouth,11,3,105,0.03,0.13,2.44
Sudbrook,uskmouth,62,6,323,0.32,0.21,2.97
Sudbrook,uskmouth,163,9,378,0.32,0.21,2.97
Sudbrook,uskmouth,371,12,528,0.32,0.21,2.97
Sudbrook,uskmouth,1810,15,586,0.41,0.22,2.98
TBAT,uskmouth,0,0,24,0.05,0.77,2.03
TBAT,uskmouth,11,3,105,0.05,0.77,2.03
TBAT,uskmouth,62,6,323,0.05,0.77,2.03
TBAT,uskmouth,163,9,378,0.05,0.77,2.03
TBAT,uskmouth,371,12,528,0.05,0.77,2.03
TBAT,uskmouth,1810,15,586,0.16,0.78,2.04
