substation,zone,technology,capacity_mw,curtailment_pct,curtailed_mwh,total_mwh,delivered_mwh,curtailed_hours,binding_branch,n_sensitive_branches
ABAE,swansea-north,PV,5,0.0,0,5564,5564,0,None,44
ABAE,swansea-north,PV,10,0.0,0,11128,11128,0,None,44
ABAE,swansea-north,PV,20,6.02,1340,22257,20917,1007,ABAE3_1L3->LLAN3_2L5,44
ABAE,swansea-north,PV,30,19.76,6597,33385,26789,2156,ABAE3_1L3->LLAN3_2L5,44
ABAE,swansea-north,PV,50,40.02,22268,55642,33374,3514,ABAE3_1L3->LLAN3_2L5,44
ABAE,swansea-north,Wind,5,0.0,0,12642,12642,0,None,44
ABAE,swansea-north,Wind,10,0.0,0,25285,25285,0,None,44
ABAE,swansea-north,Wind,20,5.03,2544,50570,48026,2159,ABAE3_1L3->LLAN3_2L5,44
ABAE,swansea-north,Wind,30,20.04,15204,75855,60651,4948,ABAE3_1L3->LLAN3_2L5,44
ABAE,swansea-north,Wind,50,41.77,52803,126425,73622,8004,ABAE3_1L3->LLAN3_2L5,44
ABAE,swansea-north,BESS,5,0.0,0,20203,20203,0,None,44
ABAE,swansea-north,BESS,10,0.0,0,40406,40406,0,None,44
ABAE,swansea-north,BESS,20,21.76,17585,80812,63228,4919,ABAE3_1L3->LLAN3_2L5,44
ABAE,swansea-north,BESS,30,34.8,42180,121219,79039,4919,ABAE3_1L3->LLAN3_2L5,44
ABAE,swansea-north,BESS,50,46.22,93385,202031,108646,10757,ABAE3_1L3->LLAN3_2L5,44
ABDA,swansea-north,PV,5,0.0,0,5564,5564,0,None,38
ABDA,swansea-north,PV,10,0.0,0,11128,11128,0,None,38
ABDA,swansea-north,PV,20,0.47,104,22257,22153,165,ABDA3_2L5->HIRW3_6L5,38
ABDA,swansea-north,PV,30,7.98,2663,33385,30722,1189,ABDA3_2L5->HIRW3_6L5,38
ABDA,swansea-north,PV,50,26.48,14734,55642,40908,2618,ABDA3_2L5->HIRW3_6L5,38
ABDA,swansea-north,Wind,5,0.0,0,12642,12642,0,None,38
ABDA,swansea-north,Wind,10,0.0,0,25285,25285,0,None,38
ABDA,swansea-north,Wind,20,0.8,405,50570,50164,492,ABDA3_2L5->HIRW3_6L5,38
ABDA,swansea-north,Wind,30,8.95,6788,75855,69067,2989,ABDA3_2L5->HIRW3_6L5,38
ABDA,swansea-north,Wind,50,29.52,37319,126425,89106,6367,ABDA3_2L5->HIRW3_6L5,38
ABDA,swansea-north,BESS,5,0.0,0,20203,20203,0,None,38
ABDA,swansea-north,BESS,10,0.0,0,40406,40406,0,None,38
ABDA,swansea-north,BESS,20,7.73,6248,80812,74565,4067,ABDA3_2L5->HIRW3_6L5,38
ABDA,swansea-north,BESS,30,25.05,30360,121219,90859,4919,ABDA3_2L5->HIRW3_6L5,38
ABDA,swansea-north,BESS,50,39.38,79551,202031,122480,4948,ABDA3_2L5->HIRW3_6L5,38
ABEC,swansea-north,PV,5,0.0,0,5564,5564,0,None,35
ABEC,swansea-north,PV,10,0.09,11,11128,11118,29,HIRW3_2L5->HNDR3T,35
ABEC,swansea-north,PV,20,3.41,760,22257,21497,392,HIRW3_2L5->HNDR3T,35
ABEC,swansea-north,PV,30,9.4,3137,33385,30248,926,HIRW3_2L5->HNDR3T,35
ABEC,swansea-north,PV,50,23.52,13088,55642,42554,2106,HIRW3_2L5->HNDR3T,35
ABEC,swansea-north,Wind,5,0.0,0,12642,12642,0,None,35
ABEC,swansea-north,Wind,10,0.0,0,25285,25285,0,None,35
ABEC,swansea-north,Wind,20,0.2,103,50570,50467,184,ABEC3_2L5->TRAV3_#1L5,35
ABEC,swansea-north,Wind,30,5.81,4408,75855,71447,2059,ABEC3_2L5->TRAV3_#1L5,35
ABEC,swansea-north,Wind,50,23.63,29873,126425,96551,5138,ABEC3_2L5->TRAV3_#1L5,35
ABEC,swansea-north,BESS,5,0.0,0,20203,20203,0,None,35
ABEC,swansea-north,BESS,10,0.01,4,40406,40402,8,HIRW3_2L5->HNDR3T,35
ABEC,swansea-north,BESS,20,1.04,839,80812,79973,1048,ABEC3_2L5->TRAV3_#1L5,35
ABEC,swansea-north,BESS,30,16.95,20543,121219,100676,4929,ABEC3_2L5->TRAV3_#1L5,35
ABEC,swansea-north,BESS,50,34.64,69987,202031,132045,5161,HIRW3_2L5->HNDR3T,35
ABYS,swansea-north,PV,5,3.25,181,5564,5383,600,ABYS1_213->ABYS3_2T0,27
ABYS,swansea-north,PV,10,3.67,408,11128,10720,676,ABYS1_213->ABYS3_2T0,27
ABYS,swansea-north,PV,20,4.57,1016,22257,21240,801,ABYS1_213->ABYS3_2T0,27
ABYS,swansea-north,PV,30,5.56,1857,33385,31528,939,ABYS1_213->ABYS3_2T0,27
ABYS,swansea-north,PV,50,8.95,4979,55642,50664,1534,ABYS1_213->ABYS3_2T0,27
ABYS,swansea-north,Wind,5,11.07,1399,12642,11243,1311,ABYS1_213->ABYS3_2T0,27
ABYS,swansea-north,Wind,10,12.42,3140,25285,22144,1577,ABYS1_213->ABYS3_2T0,27
ABYS,swansea-north,Wind,20,15.21,7694,50570,42876,2138,ABYS1_213->ABYS3_2T0,27
ABYS,swansea-north,Wind,30,18.48,14017,75855,61838,2855,ABYS1_213->ABYS3_2T0,27
ABYS,swansea-north,Wind,50,27.97,35356,126425,91069,4674,ABYS1_213->ABYS3_2T0,27
ABYS,swansea-north,BESS,5,8.8,1777,20203,18426,1532,ABYS1_213->ABYS3_2T0,27
ABYS,swansea-north,BESS,10,11.06,4468,40406,35938,1999,ABYS1_213->ABYS3_2T0,27
ABYS,swansea-north,BESS,20,15.24,12318,80812,68495,2862,ABYS1_213->ABYS3_2T0,27
ABYS,swansea-north,BESS,30,19.75,23936,121219,97283,3922,ABYS1_213->ABYS3_2T0,27
ABYS,swansea-north,BESS,50,31.05,62729,202031,139302,6470,ABYS1_213->ABYS3_2T0,27
ADVY,swansea-north,PV,5,3.25,181,5564,5384,600,ABYS1_213->ABYS3_2T0,27
ADVY,swansea-north,PV,10,3.67,408,11128,10720,676,ABYS1_213->ABYS3_2T0,27
ADVY,swansea-north,PV,20,4.56,1014,22257,21243,798,ABYS1_213->ABYS3_2T0,27
ADVY,swansea-north,PV,30,5.54,1851,33385,31535,938,ABYS1_213->ABYS3_2T0,27
ADVY,swansea-north,PV,50,8.74,4865,55642,50777,1497,ABYS1_213->ABYS3_2T0,27
ADVY,swansea-north,Wind,5,11.04,1396,12642,11247,1304,ABYS1_213->ABYS3_2T0,27
ADVY,swansea-north,Wind,10,12.36,3126,25285,22159,1567,ABYS1_213->ABYS3_2T0,27
ADVY,swansea-north,Wind,20,15.08,7625,50570,42945,2116,ABYS1_213->ABYS3_2T0,27
ADVY,swansea-north,Wind,30,18.19,13800,75855,62055,2804,ABYS1_213->ABYS3_2T0,27
ADVY,swansea-north,Wind,50,27.3,34518,126425,91906,4565,ABYS1_213->ABYS3_2T0,27
ADVY,swansea-north,BESS,5,8.78,1774,20203,18429,1531,ABYS1_213->ABYS3_2T0,27
ADVY,swansea-north,BESS,10,11.02,4451,40406,35955,1991,ABYS1_213->ABYS3_2T0,27
ADVY,swansea-north,BESS,20,15.15,12241,80812,68571,2844,ABYS1_213->ABYS3_2T0,27
ADVY,swansea-north,BESS,30,19.53,23671,121219,97547,3865,ABYS1_213->ABYS3_2T0,27
ADVY,swansea-north,BESS,50,30.56,61750,202031,140281,6437,ABYS1_213->ABYS3_2T0,27
ALCO,swansea-north,PV,5,0.0,0,5564,5564,0,None,30
ALCO,swansea-north,PV,10,0.0,0,11128,11128,0,None,30
ALCO,swansea-north,PV,20,0.0,0,22257,22257,0,None,30
ALCO,swansea-north,PV,30,0.0,0,33385,33385,0,None,30
ALCO,swansea-north,PV,50,0.04,24,55642,55618,12,GOWE1_113->GOWE3_#1T0,30
ALCO,swansea-north,Wind,5,0.0,0,12642,12642,0,None,30
ALCO,swansea-north,Wind,10,0.0,0,25285,25285,0,None,30
ALCO,swansea-north,Wind,20,0.0,0,50570,50570,0,None,30
ALCO,swansea-north,Wind,30,0.0,0,75855,75855,0,None,30
ALCO,swansea-north,Wind,50,0.35,442,126425,125982,149,GOWE1_113->GOWE3_#1T0,30
ALCO,swansea-north,BESS,5,0.0,0,20203,20203,0,None,30
ALCO,swansea-north,BESS,10,0.0,0,40406,40406,0,None,30
ALCO,swansea-north,BESS,20,0.0,0,80812,80812,0,None,30
ALCO,swansea-north,BESS,30,0.18,218,121219,121001,289,GOWE1_113->GOWE3_#1T0,30
ALCO,swansea-north,BESS,50,3.54,7147,202031,194885,2171,GOWE1_113->GOWE3_#1T0,30
Ammanford,swansea-north,PV,5,0.0,0,5564,5564,0,None,17
Ammanford,swansea-north,PV,10,0.0,0,11128,11128,0,None,17
Ammanford,swansea-north,PV,20,0.0,0,22257,22257,0,None,17
Ammanford,swansea-north,PV,30,0.0,0,33385,33385,0,None,17
Ammanford,swansea-north,PV,50,0.54,300,55642,55342,113,AMMA3_#2T0->AMMA1_#210,17
Ammanford,swansea-north,Wind,5,0.0,0,12642,12642,0,None,17
Ammanford,swansea-north,Wind,10,0.0,0,25285,25285,0,None,17
Ammanford,swansea-north,Wind,20,0.0,0,50570,50570,0,None,17
Ammanford,swansea-north,Wind,30,0.0,0,75855,75855,0,None,17
Ammanford,swansea-north,Wind,50,0.0,0,126425,126425,0,None,17
Ammanford,swansea-north,BESS,5,0.0,0,20203,20203,0,None,17
Ammanford,swansea-north,BESS,10,0.0,0,40406,40406,0,None,17
Ammanford,swansea-north,BESS,20,0.0,0,80812,80812,0,None,17
Ammanford,swansea-north,BESS,30,0.0,0,121219,121219,0,None,17
Ammanford,swansea-north,BESS,50,0.11,225,202031,201806,89,AMMA3_#2T0->AMMA1_#210,17
BISH,swansea-north,PV,5,0.29,16,5564,5548,12,UU19E->SWAW1_MAIN1,35
BISH,swansea-north,PV,10,6.2,690,11128,10438,835,SWAW3_#10L5->52L6001P11,35
BISH,swansea-north,PV,20,26.98,6006,22257,16251,2343,SWAW3_#10L5->52L6001P11,35
BISH,swansea-north,PV,30,41.05,13706,33385,19680,3266,SWAW3_#10L5->52L6001P11,35
BISH,swansea-north,PV,50,57.42,31951,55642,23692,4348,SWAW3_#10L5->52L6001P11,35
BISH,swansea-north,Wind,5,0.02,2,12642,12641,7,UU19E->SWAW1_MAIN1,35
BISH,swansea-north,Wind,10,0.52,132,25285,25153,284,SWAW3_#10L5->52L6001P11,35
BISH,swansea-north,Wind,20,18.06,9134,50570,41436,4667,SWAW3_#10L5->52L6001P11,35
BISH,swansea-north,Wind,30,35.35,26818,75855,49037,7213,SWAW3_#10L5->52L6001P11,35
BISH,swansea-north,Wind,50,55.35,69975,126425,56449,9868,SWAW3_#10L5->52L6001P11,35
BISH,swansea-north,BESS,5,0.1,20,20203,20183,14,UU19E->SWAW1_MAIN1,35
BISH,swansea-north,BESS,10,5.72,2313,40406,38093,3765,SWAW3_#10L5->52L6001P11,35
BISH,swansea-north,BESS,20,32.95,26627,80812,54185,4977,SWAW3_#10L5->52L6001P11,35
BISH,swansea-north,BESS,30,43.11,52261,121219,68958,6763,SWAW3_#10L5->52L6001P11,35
BISH,swansea-north,BESS,50,61.78,124806,202031,77225,17562,SWAW3_#10L5->52L6001P11,35
BLAP,swansea-north,PV,5,0.12,7,5564,5557,21,LLAN3_1L5->BLAP3_3L5,54
BLAP,swansea-north,PV,10,2.31,257,11128,10872,276,LLAN3_1L5->BLAP3_3L5,54
BLAP,swansea-north,PV,20,12.25,2726,22257,19531,1103,LLAN3_1L5->BLAP3_3L5,54
BLAP,swansea-north,PV,30,22.55,7527,33385,25858,1800,LLAN3_1L5->BLAP3_3L5,54
BLAP,swansea-north,PV,50,37.97,21125,55642,34517,2815,LLAN3_1L5->BLAP3_3L5,54
BLAP,swansea-north,Wind,5,0.0,0,12642,12642,0,None,54
BLAP,swansea-north,Wind,10,0.03,7,25285,25278,13,LLAN3_1L5->BLAP3_3L5,54
BLAP,swansea-north,Wind,20,0.85,430,50570,50140,287,LLAN3_1L5->BLAP3_3L5,54
BLAP,swansea-north,Wind,30,5.62,4263,75855,71592,2171,LLAN3_1L5->BLAP3_3L5,54
BLAP,swansea-north,Wind,50,24.43,30884,126425,95540,5685,LLAN3_1L5->BLAP3_3L5,54
BLAP,swansea-north,BESS,5,0.0,1,20203,20203,3,LLAN3_1L5->BLAP3_3L5,54
BLAP,swansea-north,BESS,10,0.24,98,40406,40308,104,LLAN3_1L5->BLAP3_3L5,54
BLAP,swansea-north,BESS,20,3.68,2974,80812,77838,2161,LLAN3_1L5->BLAP3_3L5,54
BLAP,swansea-north,BESS,30,21.08,25548,121219,95671,5237,LWND3T->58L5303P19,54
BLAP,swansea-north,BESS,50,37.86,76499,202031,125532,6102,LWND3T->58L5303P19,54
BRID,swansea-north,PV,5,0.05,3,5564,5561,12,BRID3_2L9->BRID3_2L5,49
BRID,swansea-north,PV,10,2.61,291,11128,10838,353,BRID3_2L9->BRID3_2L5,49
BRID,swansea-north,PV,20,15.19,3381,22257,18876,1387,BRID3_2L9->BRID3_2L5,49
BRID,swansea-north,PV,30,27.14,9059,33385,24326,2188,BRID3_2L9->BRID3_2L5,49
BRID,swansea-north,PV,50,43.54,24224,55642,31418,3282,BRID3_2L9->BRID3_2L5,49
BRID,swansea-north,Wind,5,0.0,0,12642,12642,0,None,49
BRID,swansea-north,Wind,10,0.02,6,25285,25279,17,BRID3_2L9->BRID3_2L5,49
BRID,swansea-north,Wind,20,2.2,1113,50570,49457,1013,LWND3T->58L5303P19,49
BRID,swansea-north,Wind,30,13.23,10037,75855,65818,3897,LWND3T->58L5303P19,49
BRID,swansea-north,Wind,50,34.57,43706,126425,82718,7106,LWND3T->58L5303P19,49
BRID,swansea-north,BESS,5,0.0,1,20203,20203,4,BRID3_2L9->BRID3_2L5,49
BRID,swansea-north,BESS,10,0.4,163,40406,40243,177,BRID3_2L9->BRID3_2L5,49
BRID,swansea-north,BESS,20,12.72,10277,80812,70535,4900,LWND3T->58L5303P19,49
BRID,swansea-north,BESS,30,28.97,35120,121219,86099,5333,LWND3T->58L5303P19,49
BRID,swansea-north,BESS,50,43.05,86968,202031,115064,6826,LWND3T->58L5303P19,49
BWST,swansea-north,PV,5,3.26,181,5564,5383,606,ABYS1_213->ABYS3_2T0,27
BWST,swansea-north,PV,10,3.71,412,11128,10716,682,ABYS1_213->ABYS3_2T0,27
BWST,swansea-north,PV,20,4.62,1028,22257,21228,806,ABYS1_213->ABYS3_2T0,27
BWST,swansea-north,PV,30,5.67,1894,33385,31492,966,ABYS1_213->ABYS3_2T0,27
BWST,swansea-north,PV,50,9.32,5188,55642,50455,1596,ABYS1_213->ABYS3_2T0,27
BWST,swansea-north,Wind,5,11.0,1390,12642,11252,1305,ABYS1_213->ABYS3_2T0,27
BWST,swansea-north,Wind,10,12.28,3104,25285,22181,1562,ABYS1_213->ABYS3_2T0,27
BWST,swansea-north,Wind,20,14.86,7515,50570,43055,2074,ABYS1_213->ABYS3_2T0,27
BWST,swansea-north,Wind,30,17.74,13459,75855,62396,2716,ABYS1_213->ABYS3_2T0,27
BWST,swansea-north,Wind,50,26.42,33404,126425,93020,4503,ABYS1_213->ABYS3_2T0,27
BWST,swansea-north,BESS,5,8.84,1787,20203,18416,1549,ABYS1_213->ABYS3_2T0,27
BWST,swansea-north,BESS,10,11.11,4487,40406,35919,2016,ABYS1_213->ABYS3_2T0,27
BWST,swansea-north,BESS,20,15.35,12402,80812,68411,2896,ABYS1_213->ABYS3_2T0,27
BWST,swansea-north,BESS,30,19.82,24020,121219,97198,3924,ABYS1_213->ABYS3_2T0,27
BWST,swansea-north,BESS,50,31.72,64083,202031,137949,6701,ABYS1_213->ABYS3_2T0,27
Briton Ferry,swansea-north,PV,5,0.0,0,5564,5564,0,None,18
Briton Ferry,swansea-north,PV,10,0.0,0,11128,11128,0,None,18
Briton Ferry,swansea-north,PV,20,0.0,0,22257,22257,0,None,18
Briton Ferry,swansea-north,PV,30,0.0,0,33385,33385,0,None,18
Briton Ferry,swansea-north,PV,50,0.0,0,55642,55642,0,None,18
Briton Ferry,swansea-north,Wind,5,0.0,0,12642,12642,0,None,18
Briton Ferry,swansea-north,Wind,10,0.0,0,25285,25285,0,None,18
Briton Ferry,swansea-north,Wind,20,0.0,0,50570,50570,0,None,18
Briton Ferry,swansea-north,Wind,30,0.0,0,75855,75855,0,None,18
Briton Ferry,swansea-north,Wind,50,0.0,1,126425,126423,1,BRIF3_#1T0->BRIF1_113,18
Briton Ferry,swansea-north,BESS,5,0.0,0,20203,20203,0,None,18
Briton Ferry,swansea-north,BESS,10,0.0,0,40406,40406,0,None,18
Briton Ferry,swansea-north,BESS,20,0.0,0,80812,80812,0,None,18
Briton Ferry,swansea-north,BESS,30,0.0,0,121219,121219,0,None,18
Briton Ferry,swansea-north,BESS,50,0.01,17,202031,202014,8,BRIF3_#1T0->BRIF1_113,18
CARG,swansea-north,PV,5,0.04,2,5564,5562,8,LLAN3_1L5->BLAP3_3L5,49
CARG,swansea-north,PV,10,1.85,206,11128,10922,274,LWND3T->58L5303P19,49
CARG,swansea-north,PV,20,15.92,3544,22257,18713,1566,LWND3T->58L5303P19,49
CARG,swansea-north,PV,30,29.25,9765,33385,23620,2461,LWND3T->58L5303P19,49
CARG,swansea-north,PV,50,46.81,26046,55642,29597,3653,LWND3T->58L5303P19,49
CARG,swansea-north,Wind,5,0.0,0,12642,12642,0,None,49
CARG,swansea-north,Wind,10,0.05,12,25285,25272,25,LWND3T->58L5303P19,49
CARG,swansea-north,Wind,20,5.37,2717,50570,47853,2140,LWND3T->58L5303P19,49
CARG,swansea-north,Wind,30,20.15,15286,75855,60569,5013,LWND3T->58L5303P19,49
CARG,swansea-north,Wind,50,41.88,52944,126425,73481,8114,LWND3T->58L5303P19,49
CARG,swansea-north,BESS,5,0.0,0,20203,20203,1,BRID3_4L5->CARG3_1L3,49
CARG,swansea-north,BESS,10,0.49,196,40406,40210,275,LWND3T->58L5303P19,49
CARG,swansea-north,BESS,20,21.5,17378,80812,63435,4953,LWND3T->58L5303P19,49
CARG,swansea-north,BESS,30,34.77,42143,121219,79076,5243,LWND3T->58L5303P19,49
CARG,swansea-north,BESS,50,47.37,95700,202031,106331,10626,LWND3T->58L5303P19,49
CLAS,swansea-north,PV,5,21.4,1191,5564,4374,2543,CLAS3_#2L5->SWAN3_10L5,14
CLAS,swansea-north,PV,10,21.62,2406,11128,8723,2604,CLAS3_#2L5->SWAN3_10L5,14
CLAS,swansea-north,PV,20,29.34,6531,22257,15726,3560,CLAS3_#2L5->SWAN3_10L5,14
CLAS,swansea-north,PV,30,40.04,13367,33385,20018,4299,CLAS3_#2L5->SWAN3_10L5,14
CLAS,swansea-north,PV,50,54.59,30374,55642,25268,5219,CLAS3_#2L5->SWAN3_10L5,14
CLAS,swansea-north,Wind,5,42.21,5336,12642,7306,5541,CLAS3_#2L5->SWAN3_10L5,14
CLAS,swansea-north,Wind,10,43.1,10897,25285,14388,5700,CLAS3_#2L5->SWAN3_10L5,14
CLAS,swansea-north,Wind,20,45.85,23188,50570,27382,6490,CLAS3_#2L5->SWAN3_10L5,14
CLAS,swansea-north,Wind,30,52.03,39466,75855,36389,7926,CLAS3_#2L5->SWAN3_10L5,14
CLAS,swansea-north,Wind,50,63.14,79827,126425,46598,9964,CLAS3_#2L5->SWAN3_10L5,14
CLAS,swansea-north,BESS,5,35.89,7252,20203,12951,5697,CLAS3_#2L5->SWAN3_10L5,14
CLAS,swansea-north,BESS,10,37.03,14961,40406,25445,5945,CLAS3_#2L5->SWAN3_10L5,14
CLAS,swansea-north,BESS,20,48.23,38980,80812,41833,8705,CLAS3_#2L5->SWAN3_10L5,14
CLAS,swansea-north,BESS,30,56.43,68405,121219,52814,8855,CLAS3_#2L5->SWAN3_10L5,14
CLAS,swansea-north,BESS,50,63.71,128721,202031,73310,10777,CLAS3_#2L5->SWAN3_10L5,14
COMS,swansea-north,PV,5,0.0,0,5564,5564,0,None,24
COMS,swansea-north,PV,10,0.0,0,11128,11128,0,None,24
COMS,swansea-north,PV,20,0.0,0,22257,22257,0,None,24
COMS,swansea-north,PV,30,0.13,45,33385,33341,72,BRIF3_#9L5->BRFT31,24
COMS,swansea-north,PV,50,9.35,5200,55642,50442,1342,BRIF3_#9L5->BRFT31,24
COMS,swansea-north,Wind,5,0.0,0,12642,12642,0,None,24
COMS,swansea-north,Wind,10,0.0,0,25285,25285,0,None,24
COMS,swansea-north,Wind,20,0.0,0,50570,50570,0,None,24
COMS,swansea-north,Wind,30,0.03,23,75855,75832,60,BRIF3_#9L5->BRFT31,24
COMS,swansea-north,Wind,50,9.59,12122,126425,114303,3207,BRIF3_#9L5->BRFT31,24
COMS,swansea-north,BESS,5,0.0,0,20203,20203,0,None,24
COMS,swansea-north,BESS,10,0.0,0,40406,40406,0,None,24
COMS,swansea-north,BESS,20,0.0,0,80812,80812,0,None,24
COMS,swansea-north,BESS,30,4.38,5309,121219,115909,4010,BRIF3_#9L5->BRFT31,24
COMS,swansea-north,BESS,50,26.82,54185,202031,147846,4919,BRIF3_#9L5->BRFT31,24
CRHA,swansea-north,PV,5,0.0,0,5564,5564,0,None,21
CRHA,swansea-north,PV,10,0.0,0,11128,11128,0,None,21
CRHA,swansea-north,PV,20,1.61,359,22257,21898,423,CRHA3_#2L5->AMMA3_9L5,21
CRHA,swansea-north,PV,30,11.3,3773,33385,29612,1431,CRHA3_#2L5->AMMA3_9L5,21
CRHA,swansea-north,PV,50,30.04,16714,55642,38928,2766,CRHA3_#2L5->AMMA3_9L5,21
CRHA,swansea-north,Wind,5,0.0,0,12642,12642,0,None,21
CRHA,swansea-north,Wind,10,0.0,0,25285,25285,0,None,21
CRHA,swansea-north,Wind,20,0.61,307,50570,50263,494,CRHA3_#2L5->AMMA3_9L5,21
CRHA,swansea-north,Wind,30,9.28,7038,75855,68817,3098,CRHA3_#2L5->AMMA3_9L5,21
CRHA,swansea-north,Wind,50,30.06,37999,126425,88425,6367,CRHA3_#2L5->AMMA3_9L5,21
CRHA,swansea-north,BESS,5,0.0,0,20203,20203,0,None,21
CRHA,swansea-north,BESS,10,0.0,0,40406,40406,0,None,21
CRHA,swansea-north,BESS,20,8.47,6846,80812,73966,4595,CRHA3_#2L5->AMMA3_9L5,21
CRHA,swansea-north,BESS,30,25.88,31367,121219,89851,4919,CRHA3_#1L5->TUMB3_3L5,21
CRHA,swansea-north,BESS,50,39.87,80557,202031,121474,4920,CRHA3_#1L5->TUMB3_3L5,21
CWFR,swansea-north,PV,5,0.16,9,5564,5555,95,WGWB3_1L3->58L1323P59M,40
CWFR,swansea-north,PV,10,0.27,30,11128,11099,133,WGWB3_1L3->58L1323P59M,40
CWFR,swansea-north,PV,20,4.42,983,22257,21273,1069,WGWB3_1L3->58L1323P59M,40
CWFR,swansea-north,PV,30,18.45,6159,33385,27226,2720,WGWB3_1L3->58L1323P59M,40
CWFR,swansea-north,PV,50,40.91,22765,55642,32878,4307,WGWB3_1L3->58L1323P59M,40
CWFR,swansea-north,Wind,5,4.86,615,12642,12028,718,WGWB3_1L3->58L1323P59M,40
CWFR,swansea-north,Wind,10,9.79,2477,25285,22808,1646,WGWB3_1L3->58L1323P59M,40
CWFR,swansea-north,Wind,20,20.0,10116,50570,40454,3527,WGWB3_1L3->58L1323P59M,40
CWFR,swansea-north,Wind,30,31.12,23603,75855,52252,5833,WGWB3_1L3->58L1323P59M,40
CWFR,swansea-north,Wind,50,48.81,61712,126425,64712,8564,WGWB3_1L3->58L1323P59M,40
CWFR,swansea-north,BESS,5,4.97,1004,20203,19199,1037,WGWB3_1L3->58L1323P59M,40
CWFR,swansea-north,BESS,10,12.97,5241,40406,35166,2724,WGWB3_1L3->58L1323P59M,40
CWFR,swansea-north,BESS,20,28.77,23251,80812,57562,6176,WGWB3_1L3->58L1323P59M,40
CWFR,swansea-north,BESS,30,41.58,50407,121219,70812,7909,WGWB3_1L3->58L1323P59M,40
CWFR,swansea-north,BESS,50,55.42,111959,202031,90072,11505,WGWB3_1L3->58L1323P59M,40
Carmarthen,swansea-north,PV,5,0.13,7,5564,5557,87,WGWB3_1L3->58L1323P59M,30
Carmarthen,swansea-north,PV,10,0.16,18,11128,11110,95,WGWB3_1L3->58L1323P59M,30
Carmarthen,swansea-north,PV,20,0.26,57,22257,22200,129,WGWB3_1L3->58L1323P59M,30
Carmarthen,swansea-north,PV,30,0.45,151,33385,33235,205,WGWB3_1L3->58L1323P59M,30
Carmarthen,swansea-north,PV,50,4.75,2641,55642,53001,1313,WGWB3_1L3->58L1323P59M,30
Carmarthen,swansea-north,Wind,5,2.99,378,12642,12265,351,WGWB3_1L3->58L1323P59M,30
Carmarthen,swansea-north,Wind,10,4.69,1186,25285,24099,691,WGWB3_1L3->58L1323P59M,30
Carmarthen,swansea-north,Wind,20,9.36,4734,50570,45835,1561,WGWB3_1L3->58L1323P59M,30
Carmarthen,swansea-north,Wind,30,14.3,10846,75855,65009,2453,WGWB3_1L3->58L1323P59M,30
Carmarthen,swansea-north,Wind,50,23.73,30003,126425,96421,4175,WGWB3_1L3->58L1323P59M,30
Carmarthen,swansea-north,BESS,5,2.54,512,20203,19691,433,WGWB3_1L3->58L1323P59M,30
Carmarthen,swansea-north,BESS,10,4.72,1907,40406,38499,986,WGWB3_1L3->58L1323P59M,30
Carmarthen,swansea-north,BESS,20,12.25,9901,80812,70911,2620,WGWB3_1L3->58L1323P59M,30
Carmarthen,swansea-north,BESS,30,19.38,23494,121219,97725,3529,WGWB3_1L3->58L1323P59M,30
Carmarthen,swansea-north,BESS,50,31.11,62847,202031,139184,6514,WGWB3_1L3->58L1323P59M,30
FOSL,swansea-north,PV,5,0.11,6,5564,5558,30,FOSL3T->NEWL3_3L5,29
FOSL,swansea-north,PV,10,5.47,609,11128,10519,640,FOSL3T->NEWL3_3L5,29
FOSL,swansea-north,PV,20,21.59,4805,22257,17452,1757,FOSL3T->NEWL3_3L5,29
FOSL,swansea-north,PV,30,33.97,11341,33385,22045,2568,FOSL3T->NEWL3_3L5,29
FOSL,swansea-north,PV,50,50.0,27822,55642,27820,3670,FOSL3T->NEWL3_3L5,29
FOSL,swansea-north,Wind,5,0.0,0,12642,12642,0,None,29
FOSL,swansea-north,Wind,10,0.06,15,25285,25270,45,FOSL3T->NEWL3_3L5,29
FOSL,swansea-north,Wind,20,4.62,2335,50570,48235,1925,FOSL3T->NEWL3_3L5,29
FOSL,swansea-north,Wind,30,18.67,14166,75855,61689,4810,FOSL3T->NEWL3_3L5,29
FOSL,swansea-north,Wind,50,40.37,51043,126425,75381,7948,FOSL3T->NEWL3_3L5,29
FOSL,swansea-north,BESS,5,0.01,3,20203,20200,12,FOSL3T->NEWL3_3L5,29
FOSL,swansea-north,BESS,10,0.96,388,40406,40019,407,FOSL3T->NEWL3_3L5,29
FOSL,swansea-north,BESS,20,19.64,15870,80812,64942,5047,FOSL3T->NEWL3_3L5,29
FOSL,swansea-north,BESS,30,33.87,41053,121219,80166,5740,FOSL3T->NEWL3_3L5,29
FOSL,swansea-north,BESS,50,46.96,94873,202031,107158,8304,FOSL3T->NEWL3_3L5,29
FRBN,swansea-north,PV,5,3.25,181,5564,5384,601,ABYS1_213->ABYS3_2T0,27
FRBN,swansea-north,PV,10,3.67,408,11128,10720,676,ABYS1_213->ABYS3_2T0,27
FRBN,swansea-north,PV,20,4.56,1015,22257,21242,799,ABYS1_213->ABYS3_2T0,27
FRBN,swansea-north,PV,30,5.55,1854,33385,31532,938,ABYS1_213->ABYS3_2T0,27
FRBN,swansea-north,PV,50,8.78,4887,55642,50756,1502,ABYS1_213->ABYS3_2T0,27
FRBN,swansea-north,Wind,5,11.04,1396,12642,11246,1305,ABYS1_213->ABYS3_2T0,27
FRBN,swansea-north,Wind,10,12.37,3128,25285,22157,1568,ABYS1_213->ABYS3_2T0,27
FRBN,swansea-north,Wind,20,15.1,7634,50570,42936,2118,ABYS1_213->ABYS3_2T0,27
FRBN,swansea-north,Wind,30,18.22,13824,75855,62031,2811,ABYS1_213->ABYS3_2T0,27
FRBN,swansea-north,Wind,50,27.37,34606,126425,91819,4573,ABYS1_213->ABYS3_2T0,27
FRBN,swansea-north,BESS,5,8.79,1776,20203,18428,1531,ABYS1_213->ABYS3_2T0,27
FRBN,swansea-north,BESS,10,11.03,4457,40406,35949,1994,ABYS1_213->ABYS3_2T0,27
FRBN,swansea-north,BESS,20,15.17,12262,80812,68551,2848,ABYS1_213->ABYS3_2T0,27
FRBN,swansea-north,BESS,30,19.57,23723,121219,97496,3871,ABYS1_213->ABYS3_2T0,27
FRBN,swansea-north,BESS,50,30.66,61938,202031,140093,6452,ABYS1_213->ABYS3_2T0,27
GARN,swansea-north,PV,5,20.45,1138,5564,4426,1888,CLAS3_#2L5->SWAN3_10L5,18
GARN,swansea-north,PV,10,20.64,2297,11128,8832,1937,CLAS3_#2L5->SWAN3_10L5,18
GARN,swansea-north,PV,20,21.14,4705,22257,17552,2041,CLAS3_#2L5->SWAN3_10L5,18
GARN,swansea-north,PV,30,22.31,7449,33385,25937,2192,CLAS3_#2L5->SWAN3_10L5,18
GARN,swansea-north,PV,50,26.23,14594,55642,41048,2593,CLAS3_#2L5->SWAN3_10L5,18
GARN,swansea-north,Wind,5,30.47,3852,12642,8790,4066,CLAS3_#2L5->SWAN3_10L5,18
GARN,swansea-north,Wind,10,32.21,8144,25285,17141,4304,CLAS3_#2L5->SWAN3_10L5,18
GARN,swansea-north,Wind,20,33.93,17156,50570,33414,4437,CLAS3_#2L5->SWAN3_10L5,18
GARN,swansea-north,Wind,30,34.64,26273,75855,49582,4482,CLAS3_#2L5->SWAN3_10L5,18
GARN,swansea-north,Wind,50,35.26,44582,126425,81843,4529,CLAS3_#2L5->SWAN3_10L5,18
GARN,swansea-north,BESS,5,23.69,4787,20203,15416,4177,CLAS3_#2L5->SWAN3_10L5,18
GARN,swansea-north,BESS,10,25.3,10223,40406,30183,4430,CLAS3_#2L5->SWAN3_10L5,18
GARN,swansea-north,BESS,20,26.57,21475,80812,59337,4589,CLAS3_#2L5->SWAN3_10L5,18
GARN,swansea-north,BESS,30,27.16,32920,121219,88299,4671,CLAS3_#2L5->SWAN3_10L5,18
GARN,swansea-north,BESS,50,28.97,58535,202031,143496,5855,CLAS3_#2L5->SWAN3_10L5,18
GWAU,swansea-north,PV,5,9.94,553,5564,5011,2048,GWAU3_#1H0->GWAU5_1T0,45
GWAU,swansea-north,PV,10,18.3,2036,11128,9092,3441,GWAU3_#1H0->GWAU5_1T0,45
GWAU,swansea-north,PV,20,45.57,10142,22257,12114,5794,GWAU3_#1H0->GWAU5_1T0,45
GWAU,swansea-north,PV,30,60.69,20262,33385,13123,6545,GWAU3_#1H0->GWAU5_1T0,45
GWAU,swansea-north,PV,50,74.66,41541,55642,14101,7181,GWAU3_#1H0->GWAU5_1T0,45
GWAU,swansea-north,Wind,5,30.85,3901,12642,8742,4352,GWAU3_#1H0->GWAU5_1T0,45
GWAU,swansea-north,Wind,10,39.15,9900,25285,15385,5937,GWAU3_#1H0->GWAU5_1T0,45
GWAU,swansea-north,Wind,20,53.85,27230,50570,23340,8503,GWAU3_#1H0->GWAU5_1T0,45
GWAU,swansea-north,Wind,30,63.51,48177,75855,27678,10142,GWAU3_#1H0->GWAU5_1T0,45
GWAU,swansea-north,Wind,50,74.51,94205,126425,32220,11944,GWAU3_#1H0->GWAU5_1T0,45
GWAU,swansea-north,BESS,5,32.61,6589,20203,13615,5432,GWAU3_#1H0->GWAU5_1T0,45
GWAU,swansea-north,BESS,10,44.88,18135,40406,22271,7785,GWAU3_#1H0->GWAU5_1T0,45
GWAU,swansea-north,BESS,20,59.23,47866,80812,32946,10315,GWAU3_#1H0->GWAU5_1T0,45
GWAU,swansea-north,BESS,30,66.69,80846,121219,40372,13091,GWAU3_#1H0->GWAU5_1T0,45
GWAU,swansea-north,BESS,50,77.79,157166,202031,44865,17546,GWAU3_#1H0->GWAU5_1T0,45
Gowerton East,swansea-north,PV,5,0.0,0,5564,5564,0,None,30
Gowerton East,swansea-north,PV,10,0.0,0,11128,11128,0,None,30
Gowerton East,swansea-north,PV,20,0.0,0,22257,22257,0,None,30
Gowerton East,swansea-north,PV,30,0.0,0,33385,33385,0,None,30
Gowerton East,swansea-north,PV,50,0.04,24,55642,55618,12,GOWE1_113->GOWE3_#1T0,30
Gowerton East,swansea-north,Wind,5,0.0,0,12642,12642,0,None,30
Gowerton East,swansea-north,Wind,10,0.0,0,25285,25285,0,None,30
Gowerton East,swansea-north,Wind,20,0.0,0,50570,50570,0,None,30
Gowerton East,swansea-north,Wind,30,0.0,0,75855,75855,0,None,30
Gowerton East,swansea-north,Wind,50,0.35,442,126425,125982,149,GOWE1_113->GOWE3_#1T0,30
Gowerton East,swansea-north,BESS,5,0.0,0,20203,20203,0,None,30
Gowerton East,swansea-north,BESS,10,0.0,0,40406,40406,0,None,30
Gowerton East,swansea-north,BESS,20,0.0,0,80812,80812,0,None,30
Gowerton East,swansea-north,BESS,30,0.18,218,121219,121001,289,GOWE1_113->GOWE3_#1T0,30
Gowerton East,swansea-north,BESS,50,3.54,7147,202031,194885,2171,GOWE1_113->GOWE3_#1T0,30
HEND,swansea-north,PV,5,0.0,0,5564,5564,0,None,21
HEND,swansea-north,PV,10,0.0,0,11128,11128,0,None,21
HEND,swansea-north,PV,20,0.0,0,22257,22257,0,None,21
HEND,swansea-north,PV,30,0.41,137,33385,33248,170,HEND3_MAIN1->AMMA3_7L5,21
HEND,swansea-north,PV,50,11.68,6499,55642,49143,1569,HEND3_MAIN1->AMMA3_7L5,21
HEND,swansea-north,Wind,5,0.0,0,12642,12642,0,None,21
HEND,swansea-north,Wind,10,0.0,0,25285,25285,0,None,21
HEND,swansea-north,Wind,20,0.0,0,50570,50570,0,None,21
HEND,swansea-north,Wind,30,0.27,206,75855,75649,295,HEND3_MAIN1->AMMA3_7L5,21
HEND,swansea-north,Wind,50,12.82,16202,126425,110222,3755,HEND3_MAIN1->AMMA3_7L5,21
HEND,swansea-north,BESS,5,0.0,0,20203,20203,0,None,21
HEND,swansea-north,BESS,10,0.0,0,40406,40406,0,None,21
HEND,swansea-north,BESS,20,0.01,6,80812,80806,14,HEND3_1H3->HEND5_1T0,21
HEND,swansea-north,BESS,30,9.12,11058,121219,110160,4919,HEND3_MAIN1->AMMA3_7L5,21
HEND,swansea-north,BESS,50,29.82,60248,202031,141783,4919,HEND3_MAIN1->AMMA3_7L5,21
HOPK,swansea-north,PV,5,0.0,0,5564,5564,0,None,18
HOPK,swansea-north,PV,10,0.0,0,11128,11128,0,None,18
HOPK,swansea-north,PV,20,0.0,0,22257,22257,0,None,18
HOPK,swansea-north,PV,30,0.0,0,33385,33385,0,None,18
HOPK,swansea-north,PV,50,1.93,1071,55642,54571,509,HOPK3_#1L5->AMMA3_8L5,18
HOPK,swansea-north,Wind,5,0.0,0,12642,12642,0,None,18
HOPK,swansea-north,Wind,10,0.0,0,25285,25285,0,None,18
HOPK,swansea-north,Wind,20,0.0,0,50570,50570,0,None,18
HOPK,swansea-north,Wind,30,0.0,0,75855,75855,0,None,18
HOPK,swansea-north,Wind,50,1.74,2196,126425,124229,1133,HOPK3_#1L5->AMMA3_8L5,18
HOPK,swansea-north,BESS,5,0.0,0,20203,20203,0,None,18
HOPK,swansea-north,BESS,10,0.0,0,40406,40406,0,None,18
HOPK,swansea-north,BESS,20,0.0,0,80812,80812,0,None,18
HOPK,swansea-north,BESS,30,0.0,0,121219,121218,1,HOPK3_#1L5->AMMA3_8L5,18
HOPK,swansea-north,BESS,50,15.32,30958,202031,171073,4919,HOPK3_#1L5->AMMA3_8L5,18
Hirwaun,swansea-north,PV,5,0.0,0,5564,5564,0,None,35
Hirwaun,swansea-north,PV,10,0.0,0,11128,11128,0,None,35
Hirwaun,swansea-north,PV,20,0.0,0,22257,22257,0,None,35
Hirwaun,swansea-north,PV,30,0.0,0,33385,33385,0,None,35
Hirwaun,swansea-north,PV,50,0.0,1,55642,55641,1,HNDR3T->ABEP3_2L3,35
Hirwaun,swansea-north,Wind,5,0.0,0,12642,12642,0,None,35
Hirwaun,swansea-north,Wind,10,0.0,0,25285,25285,0,None,35
Hirwaun,swansea-north,Wind,20,0.0,0,50570,50570,0,None,35
Hirwaun,swansea-north,Wind,30,0.0,0,75855,75855,0,None,35
Hirwaun,swansea-north,Wind,50,0.28,350,126425,126074,206,HIRW3_2L5->HNDR3T,35
Hirwaun,swansea-north,BESS,5,0.0,0,20203,20203,0,None,35
Hirwaun,swansea-north,BESS,10,0.0,0,40406,40406,0,None,35
Hirwaun,swansea-north,BESS,20,0.0,0,80812,80812,0,None,35
Hirwaun,swansea-north,BESS,30,0.0,0,121219,121219,0,None,35
Hirwaun,swansea-north,BESS,50,0.68,1369,202031,200663,690,HIRW3_2L5->HNDR3T,35
INCS,swansea-north,PV,5,55.16,3069,5564,2495,2017,52L6067P19->TYNY3T,17
INCS,swansea-north,PV,10,55.78,6207,11128,4921,2086,52L6067P19->TYNY3T,17
INCS,swansea-north,PV,20,57.05,12698,22257,9559,2207,52L6067P19->TYNY3T,17
INCS,swansea-north,PV,30,58.14,19412,33385,13974,2321,52L6067P19->TYNY3T,17
INCS,swansea-north,PV,50,60.67,33760,55642,21883,2788,52L6067P19->TYNY3T,17
INCS,swansea-north,Wind,5,7.78,983,12642,11659,1937,52L6067P19->TYNY3T,17
INCS,swansea-north,Wind,10,7.96,2013,25285,23272,1972,52L6067P19->TYNY3T,17
INCS,swansea-north,Wind,20,10.75,5437,50570,45133,2892,52L6067P19->TYNY3T,17
INCS,swansea-north,Wind,30,20.22,15338,75855,60517,5295,INCS3_1H3->INCS5_1T0,17
INCS,swansea-north,Wind,50,39.25,49616,126425,76809,8185,TSNC3->INCS3_MAIN1,17
INCS,swansea-north,BESS,5,9.29,1876,20203,18327,2019,52L6067P19->TYNY3T,17
INCS,swansea-north,BESS,10,9.55,3860,40406,36546,2166,52L6067P19->TYNY3T,17
INCS,swansea-north,BESS,20,20.67,16708,80812,64105,6407,INCS3_1H3->INCS5_1T0,17
INCS,swansea-north,BESS,30,35.9,43516,121219,77703,6752,TSNC3->INCS3_MAIN1,17
INCS,swansea-north,BESS,50,48.65,98292,202031,103739,8199,TSNC3->INCS3_MAIN1,17
JERM,swansea-north,PV,5,0.0,0,5564,5564,0,None,16
JERM,swansea-north,PV,10,0.0,0,11128,11128,0,None,16
JERM,swansea-north,PV,20,0.0,0,22257,22257,0,None,16
JERM,swansea-north,PV,30,0.25,82,33385,33303,117,FORT31->52L6070P5,16
JERM,swansea-north,PV,50,11.16,6212,55642,49430,1533,FORT31->52L6070P5,16
JERM,swansea-north,Wind,5,0.0,0,12642,12642,0,None,16
JERM,swansea-north,Wind,10,0.0,0,25285,25285,0,None,16
JERM,swansea-north,Wind,20,0.0,0,50570,50570,0,None,16
JERM,swansea-north,Wind,30,0.29,217,75855,75638,343,FORT31->52L6070P5,16
JERM,swansea-north,Wind,50,13.14,16618,126425,109806,3770,FORT31->52L6070P5,16
JERM,swansea-north,BESS,5,0.0,0,20203,20203,0,None,16
JERM,swansea-north,BESS,10,0.0,0,40406,40406,0,None,16
JERM,swansea-north,BESS,20,0.0,0,80812,80812,0,None,16
JERM,swansea-north,BESS,30,9.04,10960,121219,110258,4919,FORT31->52L6070P5,16
JERM,swansea-north,BESS,50,29.77,60150,202031,141881,4919,FORT31->TIRJ3_#9L5,16
KIDW,swansea-north,PV,5,0.01,0,5564,5564,6,FOSL3T->NEWL3_3L5,25
KIDW,swansea-north,PV,10,2.98,331,11128,10797,414,FOSL3T->NEWL3_3L5,25
KIDW,swansea-north,PV,20,16.67,3710,22257,18547,1455,FOSL3T->NEWL3_3L5,25
KIDW,swansea-north,PV,30,28.49,9511,33385,23874,2221,FOSL3T->NEWL3_3L5,25
KIDW,swansea-north,PV,50,44.6,24815,55642,30827,3334,FOSL3T->NEWL3_3L5,25
KIDW,swansea-north,Wind,5,0.0,0,12642,12642,0,None,25
KIDW,swansea-north,Wind,10,0.01,2,25285,25283,4,FOSL3T->NEWL3_3L5,25
KIDW,swansea-north,Wind,20,1.66,840,50570,49729,756,FOSL3T->NEWL3_3L5,25
KIDW,swansea-north,Wind,30,11.76,8921,75855,66934,3650,W38_3S->NEWL3_1L3,25
KIDW,swansea-north,Wind,50,32.99,41706,126425,84719,6937,W38_3S->NEWL3_1L3,25
KIDW,swansea-north,BESS,5,0.0,0,20203,20203,3,FOSL3T->NEWL3_3L5,25
KIDW,swansea-north,BESS,10,0.45,183,40406,40224,203,FOSL3T->NEWL3_3L5,25
KIDW,swansea-north,BESS,20,11.75,9497,80812,71315,4871,W38_3S->NEWL3_1L3,25
KIDW,swansea-north,BESS,30,28.34,34350,121219,86869,5405,W38_3S->NEWL3_1L3,25
KIDW,swansea-north,BESS,50,42.78,86436,202031,115595,6886,W38_3S->NEWL3_1L3,25
LBRI,swansea-north,PV,5,0.24,13,5564,5551,15,LAMP3_2L5->LWNI3_2L3,61
LBRI,swansea-north,PV,10,4.69,522,11128,10607,901,YSTF3_#3L5->YSTF3_#4L5,61
LBRI,swansea-north,PV,20,30.56,6802,22257,15455,3144,YSTF3_#3L5->YSTF3_#4L5,61
LBRI,swansea-north,PV,30,47.02,15698,33385,17687,4193,YSTF3_#3L5->YSTF3_#4L5,61
LBRI,swansea-north,PV,50,63.95,35586,55642,20057,5322,YSTF3_#3L5->YSTF3_#4L5,61
LBRI,swansea-north,Wind,5,0.65,82,12642,12560,420,YSTF3_#3L5->YSTF3_#4L5,61
LBRI,swansea-north,Wind,10,15.47,3912,25285,21373,3584,YSTF3_#3L5->YSTF3_#4L5,61
LBRI,swansea-north,Wind,20,40.97,20720,50570,29849,7289,YSTF3_#3L5->YSTF3_#4L5,61
LBRI,swansea-north,Wind,30,55.26,41914,75855,33941,9331,YSTF3_#3L5->YSTF3_#4L5,61
LBRI,swansea-north,Wind,50,69.92,88390,126425,38035,11340,YSTF3_#3L5->YSTF3_#4L5,61
LBRI,swansea-north,BESS,5,3.54,715,20203,19488,2027,YSTF3_#3L5->YSTF3_#4L5,61
LBRI,swansea-north,BESS,10,26.26,10612,40406,29794,4933,YSTF3_#3L5->YSTF3_#4L5,61
LBRI,swansea-north,BESS,20,45.65,36891,80812,43921,9845,YSTF3_#3L5->YSTF3_#4L5,61
LBRI,swansea-north,BESS,30,58.76,71223,121219,49996,16439,YSTF3_#3L5->YSTF3_#4L5,61
LBRI,swansea-north,BESS,50,75.14,151814,202031,50217,17568,YSTF3_#3L5->YSTF3_#4L5,61
LDEI,swansea-north,PV,5,0.0,0,5564,5564,0,None,47
LDEI,swansea-north,PV,10,0.11,13,11128,11116,31,LDEI3_4L5->NANG3_#2L5,47
LDEI,swansea-north,PV,20,6.76,1505,22257,20751,880,LDEI3_4L5->NANG3_#2L5,47
LDEI,swansea-north,PV,30,18.57,6198,33385,27187,1872,LDEI3_4L5->NANG3_#2L5,47
LDEI,swansea-north,PV,50,37.33,20770,55642,34872,3167,LDEI3_4L5->NANG3_#2L5,47
LDEI,swansea-north,Wind,5,0.0,0,12642,12642,0,None,47
LDEI,swansea-north,Wind,10,0.01,4,25285,25281,7,LDEI3_2L5->AMMA3_5L5,47
LDEI,swansea-north,Wind,20,4.65,2349,50570,48221,1628,LDEI3_2L5->AMMA3_5L5,47
LDEI,swansea-north,Wind,30,16.75,12706,75855,63149,3999,LDEI3_2L5->AMMA3_5L5,47
LDEI,swansea-north,Wind,50,36.81,46536,126425,79889,6995,LDEI3_2L5->AMMA3_5L5,47
LDEI,swansea-north,BESS,5,0.0,0,20203,20203,0,None,47
LDEI,swansea-north,BESS,10,0.03,11,40406,40395,28,LDEI3_4L5->NANG3_#2L5,47
LDEI,swansea-north,BESS,20,14.9,12045,80812,68768,4907,LDEI3_2L5->AMMA3_5L5,47
LDEI,swansea-north,BESS,30,30.22,36636,121219,84582,4922,LDEI3_2L5->AMMA3_5L5,47
LDEI,swansea-north,BESS,50,43.05,86971,202031,115061,6698,LDEI3_2L5->AMMA3_5L5,47
LDOV,swansea-north,PV,5,0.24,13,5564,5551,13,LAMP3_2L5->LWNI3_2L3,58
LDOV,swansea-north,PV,10,0.27,31,11128,11098,15,LAMP3_2L5->LWNI3_2L3,58
LDOV,swansea-north,PV,20,2.5,556,22257,21701,479,PONA3_1L3->LDOV3_2L5,58
LDOV,swansea-north,PV,30,12.44,4152,33385,29233,1532,PONA3_1L3->LDOV3_2L5,58
LDOV,swansea-north,PV,50,31.62,17593,55642,38050,2930,PONA3_1L3->LDOV3_2L5,58
LDOV,swansea-north,Wind,5,0.23,29,12642,12614,24,LAMP3_2L5->LWNI3_2L3,58
LDOV,swansea-north,Wind,10,0.35,89,25285,25196,42,LAMP3_2L5->LWNI3_2L3,58
LDOV,swansea-north,Wind,20,2.63,1328,50570,49242,1134,LDOV3_1L5->LGAD3_1L3,58
LDOV,swansea-north,Wind,30,13.1,9936,75855,65919,3327,LDOV3_1L5->LGAD3_1L3,58
LDOV,swansea-north,Wind,50,32.5,41088,126425,85337,6352,PONA3_1L3->LDOV3_2L5,58
LDOV,swansea-north,BESS,5,0.09,18,20203,20185,19,LAMP3_2L5->LWNI3_2L3,58
LDOV,swansea-north,BESS,10,0.13,51,40406,40355,28,LAMP3_2L5->LWNI3_2L3,58
LDOV,swansea-north,BESS,20,12.21,9867,80812,70946,4940,PONA3_1L3->LDOV3_2L5,58
LDOV,swansea-north,BESS,30,28.47,34505,121219,86714,4961,PONA3_1L3->LDOV3_2L5,58
LDOV,swansea-north,BESS,50,41.51,83866,202031,118165,5069,PONA3_1L3->LDOV3_2L5,58
LFYR,swansea-north,PV,5,0.13,7,5564,5557,86,WGWB3_1L3->58L1323P59M,50
LFYR,swansea-north,PV,10,0.24,27,11128,11102,123,WGWB3_1L3->58L1323P59M,50
LFYR,swansea-north,PV,20,5.52,1230,22257,21027,963,CARM3_5L5->STCL3_MAIN2,50
LFYR,swansea-north,PV,30,17.61,5879,33385,27506,2060,CARM3_5L5->STCL3_MAIN2,50
LFYR,swansea-north,PV,50,37.08,20632,55642,35010,3417,CARM3_5L5->STCL3_MAIN2,50
LFYR,swansea-north,Wind,5,2.89,365,12642,12277,334,WGWB3_1L3->58L1323P59M,50
LFYR,swansea-north,Wind,10,5.01,1268,25285,24017,892,WGWB3_1L3->58L1323P59M,50
LFYR,swansea-north,Wind,20,17.41,8805,50570,41764,3315,CARM3_5L5->STCL3_MAIN2,50
LFYR,swansea-north,Wind,30,29.63,22473,75855,53382,5057,CARM3_5L5->STCL3_MAIN2,50
LFYR,swansea-north,Wind,50,46.42,58686,126425,67739,7497,CARM3_5L5->STCL3_MAIN2,50
LFYR,swansea-north,BESS,5,2.41,486,20203,19717,402,WGWB3_1L3->58L1323P59M,50
LFYR,swansea-north,BESS,10,4.68,1890,40406,38516,1117,WGWB3_1L3->58L1323P59M,50
LFYR,swansea-north,BESS,20,20.6,16646,80812,64167,5253,CARM3_5L5->STCL3_MAIN2,50
LFYR,swansea-north,BESS,30,34.55,41877,121219,79342,5695,DYFF3->DYFF3_1L5,50
LFYR,swansea-north,BESS,50,47.66,96282,202031,105749,8710,CARM3_5L5->STCL3_MAIN2,50
LGAD,swansea-north,PV,5,0.22,12,5564,5552,12,LAMP3_2L5->LWNI3_2L3,54
LGAD,swansea-north,PV,10,0.25,28,11128,11100,16,LAMP3_2L5->LWNI3_2L3,54
LGAD,swansea-north,PV,20,3.51,781,22257,21476,559,LDEI3_4L5->NANG3_#2L5,54
LGAD,swansea-north,PV,30,13.44,4486,33385,28899,1545,LGAD3_2L3->MANO3T,54
LGAD,swansea-north,PV,50,32.27,17957,55642,37685,2928,LGAD3_2L3->MANO3T,54
LGAD,swansea-north,Wind,5,0.19,25,12642,12618,18,LAMP3_2L5->LWNI3_2L3,54
LGAD,swansea-north,Wind,10,0.27,68,25285,25217,33,LAMP3_2L5->LWNI3_2L3,54
LGAD,swansea-north,Wind,20,4.1,2076,50570,48494,1557,LGAD3_2L3->MANO3T,54
LGAD,swansea-north,Wind,30,16.14,12244,75855,63611,3894,LGAD3_2L3->MANO3T,54
LGAD,swansea-north,Wind,50,35.98,45483,126425,80942,6731,LGAD3_2L3->MANO3T,54
LGAD,swansea-north,BESS,5,0.08,15,20203,20188,14,LAMP3_2L5->LWNI3_2L3,54
LGAD,swansea-north,BESS,10,0.1,41,40406,40365,20,LAMP3_2L5->LWNI3_2L3,54
LGAD,swansea-north,BESS,20,12.2,9858,80812,70954,4931,LGAD3_2L3->MANO3T,54
LGAD,swansea-north,BESS,30,28.44,34478,121219,86741,4945,LGAD3_2L3->MANO3T,54
LGAD,swansea-north,BESS,50,41.53,83905,202031,118127,5294,LGAD3_2L3->MANO3T,54
LILA,swansea-north,PV,5,3.25,181,5564,5383,606,ABYS1_213->ABYS3_2T0,27
LILA,swansea-north,PV,10,3.71,412,11128,10716,680,ABYS1_213->ABYS3_2T0,27
LILA,swansea-north,PV,20,4.62,1029,22257,21228,808,ABYS1_213->ABYS3_2T0,27
LILA,swansea-north,PV,30,5.69,1899,33385,31486,969,ABYS1_213->ABYS3_2T0,27
LILA,swansea-north,PV,50,9.46,5264,55642,50378,1613,ABYS1_213->ABYS3_2T0,27
LILA,swansea-north,Wind,5,10.97,1387,12642,11255,1299,ABYS1_213->ABYS3_2T0,27
LILA,swansea-north,Wind,10,12.22,3090,25285,22194,1554,ABYS1_213->ABYS3_2T0,27
LILA,swansea-north,Wind,20,14.76,7465,50570,43105,2068,ABYS1_213->ABYS3_2T0,27
LILA,swansea-north,Wind,30,17.58,13336,75855,62519,2690,ABYS1_213->ABYS3_2T0,27
LILA,swansea-north,Wind,50,26.12,33021,126425,93403,4487,ABYS1_213->ABYS3_2T0,27
LILA,swansea-north,BESS,5,8.83,1785,20203,18419,1543,ABYS1_213->ABYS3_2T0,27
LILA,swansea-north,BESS,10,11.09,4480,40406,35926,2011,ABYS1_213->ABYS3_2T0,27
LILA,swansea-north,BESS,20,15.35,12404,80812,68408,2912,ABYS1_213->ABYS3_2T0,27
LILA,swansea-north,BESS,30,19.83,24036,121219,97183,3911,ABYS1_213->ABYS3_2T0,27
LILA,swansea-north,BESS,50,31.88,64404,202031,137627,6721,ABYS1_213->ABYS3_2T0,27
LLAY,swansea-north,PV,5,0.24,13,5564,5551,14,LAMP3_2L5->LWNI3_2L3,45
LLAY,swansea-north,PV,10,0.29,32,11128,11097,17,LAMP3_2L5->LWNI3_2L3,45
LLAY,swansea-north,PV,20,0.36,81,22257,22176,20,LAMP3_2L5->LWNI3_2L3,45
LLAY,swansea-north,PV,30,0.67,222,33385,33163,146,LLAN3_4L5->LLAY3_2L3,45
LLAY,swansea-north,PV,50,10.91,6072,55642,49570,1469,LLAN3_4L5->LLAY3_2L3,45
LLAY,swansea-north,Wind,5,0.25,31,12642,12611,28,LAMP3_2L5->LWNI3_2L3,45
LLAY,swansea-north,Wind,10,0.39,100,25285,25185,52,LAMP3_2L5->LWNI3_2L3,45
LLAY,swansea-north,Wind,20,0.67,338,50570,50232,93,LAMP3_2L5->LWNI3_2L3,45
LLAY,swansea-north,Wind,30,3.15,2391,75855,73464,1269,LLAN3_4L5->LLAY3_2L3,45
LLAY,swansea-north,Wind,50,17.68,22357,126425,104067,4017,LLAN3_4L5->LLAY3_2L3,45
LLAY,swansea-north,BESS,5,0.1,19,20203,20184,20,LAMP3_2L5->LWNI3_2L3,45
LLAY,swansea-north,BESS,10,0.14,57,40406,40349,31,LAMP3_2L5->LWNI3_2L3,45
LLAY,swansea-north,BESS,20,0.22,180,80812,80632,63,LAMP3_2L5->LWNI3_2L3,45
LLAY,swansea-north,BESS,30,7.01,8503,121219,112716,4485,LLAN3_4L5->LLAY3_2L3,45
LLAY,swansea-north,BESS,50,28.56,57692,202031,144339,5007,59L5036P154->59L5036P162,45
LLCY,swansea-north,PV,5,0.0,0,5564,5564,0,None,18
LLCY,swansea-north,PV,10,0.0,0,11128,11128,0,None,18
LLCY,swansea-north,PV,20,0.0,1,22257,22256,2,TIRJ3_#5L5->LLCY3_MAIN1,18
LLCY,swansea-north,PV,30,0.18,59,33385,33326,78,TIRJ3_#5L5->LLCY3_MAIN1,18
LLCY,swansea-north,PV,50,9.9,5509,55642,50133,1403,TIRJ3_#5L5->LLCY3_MAIN1,18
LLCY,swansea-north,Wind,5,0.0,0,12642,12642,0,None,18
LLCY,swansea-north,Wind,10,0.0,0,25285,25285,0,None,18
LLCY,swansea-north,Wind,20,0.02,12,50570,50558,6,TIRJ3_#5L5->LLCY3_MAIN1,18
LLCY,swansea-north,Wind,30,0.14,103,75855,75752,131,TIRJ3_#5L5->LLCY3_MAIN1,18
LLCY,swansea-north,Wind,50,10.45,13212,126425,113212,3320,TIRJ3_#5L5->LLCY3_MAIN1,18
LLCY,swansea-north,BESS,5,0.0,0,20203,20203,0,None,18
LLCY,swansea-north,BESS,10,0.01,3,40406,40404,6,TIRJ3_#5L5->LLCY3_MAIN1,18
LLCY,swansea-north,BESS,20,0.39,311,80812,80501,82,TIRJ3_#5L5->LLCY3_MAIN1,18
LLCY,swansea-north,BESS,30,5.86,7098,121219,114121,4615,TIRJ3_#5L5->LLCY3_MAIN1,18
LLCY,swansea-north,BESS,50,27.85,56258,202031,145773,4940,TIRJ3_#5L5->LLCY3_MAIN1,18
LLNT,swansea-north,PV,5,0.0,0,5564,5564,0,None,25
LLNT,swansea-north,PV,10,0.22,25,11128,11104,63,LLNT3_#1L0->TROS3_#1L5,25
LLNT,swansea-north,PV,20,6.9,1536,22257,20721,759,LLNT3_#1L0->TROS3_#1L5,25
LLNT,swansea-north,PV,30,16.14,5390,33385,27995,1435,LLNT3_#1L0->TROS3_#1L5,25
LLNT,swansea-north,PV,50,31.4,17474,55642,38168,2436,LLNT3_#1L0->TROS3_#1L5,25
LLNT,swansea-north,Wind,5,0.0,0,12642,12642,0,None,25
LLNT,swansea-north,Wind,10,0.0,0,25285,25285,0,None,25
LLNT,swansea-north,Wind,20,0.19,94,50570,50476,103,LLNT3_#1L0->TROS3_#1L5,25
LLNT,swansea-north,Wind,30,1.72,1305,75855,74550,823,LLNT3_#1L0->TROS3_#1L5,25
LLNT,swansea-north,Wind,50,16.19,20464,126425,105961,4375,LLNT3_#1L0->TROS3_#1L5,25
LLNT,swansea-north,BESS,5,0.0,0,20203,20203,0,None,25
LLNT,swansea-north,BESS,10,0.02,10,40406,40396,21,LLNT3_#1L0->TROS3_#1L5,25
LLNT,swansea-north,BESS,20,1.43,1159,80812,79653,603,LLNT3_#1L0->TROS3_#1L5,25
LLNT,swansea-north,BESS,30,12.48,15128,121219,106091,4936,LLNT3_#1L0->TROS3_#1L5,25
LLNT,swansea-north,BESS,50,32.16,64964,202031,137067,5525,LLNT3_#1L0->TROS3_#1L5,25
LRHI,swansea-north,PV,5,0.28,15,5564,5549,12,UU19E->SWAW1_MAIN1,36
LRHI,swansea-north,PV,10,4.97,553,11128,10575,738,SWAT3T->TWAU3,36
LRHI,swansea-north,PV,20,25.38,5650,22257,16607,2318,SWAT3T->TWAU3,36
LRHI,swansea-north,PV,30,39.9,13322,33385,20063,3273,SWAT3T->TWAU3,36
LRHI,swansea-north,PV,50,56.7,31551,55642,24091,4351,SWAT3T->TWAU3,36
LRHI,swansea-north,Wind,5,0.12,15,12642,12627,19,SWAT3T->TWAU3,36
LRHI,swansea-north,Wind,10,0.63,159,25285,25126,359,SWAT3T->TWAU3,36
LRHI,swansea-north,Wind,20,18.04,9121,50570,41449,4794,SWAT3T->TWAU3,36
LRHI,swansea-north,Wind,30,35.5,26927,75855,48927,7347,SWAT3T->TWAU3,36
LRHI,swansea-north,Wind,50,55.63,70330,126425,56095,9992,SWAT3T->TWAU3,36
LRHI,swansea-north,BESS,5,0.25,50,20203,20153,26,SWAT3T->TWAU3,36
LRHI,swansea-north,BESS,10,7.88,3183,40406,37223,3399,SWAT3T->TWAU3,36
LRHI,swansea-north,BESS,20,33.21,26835,80812,53978,4958,SWAT3T->TWAU3,36
LRHI,swansea-north,BESS,30,43.99,53327,121219,67892,9007,SWAT3T->TWAU3,36
LRHI,swansea-north,BESS,50,62.44,126154,202031,75877,17443,SWAT3T->TWAU3,36
LWNI,swansea-north,PV,5,0.0,0,5564,5564,0,None,45
LWNI,swansea-north,PV,10,0.0,0,11128,11128,0,None,45
LWNI,swansea-north,PV,20,0.17,37,22257,22220,84,RHOS3_2L5->LWNI3_1L3,45
LWNI,swansea-north,PV,30,6.55,2188,33385,31197,1133,RHOS3_2L5->LWNI3_1L3,45
LWNI,swansea-north,PV,50,25.74,14324,55642,41318,2759,RHOS3_2L5->LWNI3_1L3,45
LWNI,swansea-north,Wind,5,0.0,0,12642,12642,0,None,45
LWNI,swansea-north,Wind,10,0.0,0,25285,25285,0,None,45
LWNI,swansea-north,Wind,20,5.57,2818,50570,47751,1834,RHOS3_2L5->LWNI3_1L3,45
LWNI,swansea-north,Wind,30,17.74,13456,75855,62399,3886,RHOS3_2L5->LWNI3_1L3,45
LWNI,swansea-north,Wind,50,36.42,46039,126425,80385,6511,RHOS3_2L5->LWNI3_1L3,45
LWNI,swansea-north,BESS,5,0.0,0,20203,20203,0,None,45
LWNI,swansea-north,BESS,10,0.0,0,40406,40406,2,RHOS3_2L5->LWNI3_1L3,45
LWNI,swansea-north,BESS,20,11.07,8944,80812,71869,4809,RHOS3_2L5->LWNI3_1L3,45
LWNI,swansea-north,BESS,30,27.45,33271,121219,87948,4882,RHOS3_2L5->LWNI3_1L3,45
LWNI,swansea-north,BESS,50,40.86,82546,202031,119486,5390,RHOS3_2L5->LWNI3_1L3,45
Lampeter,swansea-north,PV,5,0.28,15,5564,5549,16,LAMP3_2L5->LWNI3_2L3,41
Lampeter,swansea-north,PV,10,0.35,39,11128,11090,19,LAMP3_2L5->LWNI3_2L3,41
Lampeter,swansea-north,PV,20,0.42,94,22257,22163,26,LAMP3_2L5->LWNI3_2L3,41
Lampeter,swansea-north,PV,30,0.63,209,33385,33177,53,LAMP3_2L5->LWNI3_2L3,41
Lampeter,swansea-north,PV,50,1.11,618,55642,55024,111,LAMP3_2L5->LWNI3_2L3,41
Lampeter,swansea-north,Wind,5,0.36,46,12642,12597,45,LAMP3_2L5->LWNI3_2L3,41
Lampeter,swansea-north,Wind,10,0.61,155,25285,25130,85,LAMP3_2L5->LWNI3_2L3,41
Lampeter,swansea-north,Wind,20,0.96,484,50570,50086,126,LAMP3_2L5->LWNI3_2L3,41
Lampeter,swansea-north,Wind,30,1.19,903,75855,74952,170,LAMP3_2L5->LWNI3_2L3,41
Lampeter,swansea-north,Wind,50,4.61,5832,126425,120592,1429,59L5036P154->59L5036P152,41
Lampeter,swansea-north,BESS,5,0.13,26,20203,20177,29,LAMP3_2L5->LWNI3_2L3,41
Lampeter,swansea-north,BESS,10,0.21,83,40406,40323,49,LAMP3_2L5->LWNI3_2L3,41
Lampeter,swansea-north,BESS,20,0.37,300,80812,80513,106,LAMP3_2L5->LWNI3_2L3,41
Lampeter,swansea-north,BESS,30,0.57,685,121219,120534,171,LAMP3_2L5->LWNI3_2L3,41
Lampeter,swansea-north,BESS,50,5.11,10333,202031,191698,2640,59L5036P154->59L5036P152,41
Llanarth,swansea-north,PV,5,0.0,0,5564,5564,0,None,42
Llanarth,swansea-north,PV,10,0.0,0,11128,11128,0,None,42
Llanarth,swansea-north,PV,20,0.0,0,22257,22257,0,None,42
Llanarth,swansea-north,PV,30,0.1,32,33385,33353,35,LLAN1_#110->LLAN3_#1T0,42
Llanarth,swansea-north,PV,50,6.83,3798,55642,51845,1008,LLAN1_#110->LLAN3_#1T0,42
Llanarth,swansea-north,Wind,5,0.0,0,12642,12642,0,None,42
Llanarth,swansea-north,Wind,10,0.0,0,25285,25285,0,None,42
Llanarth,swansea-north,Wind,20,0.0,0,50570,50570,0,None,42
Llanarth,swansea-north,Wind,30,0.04,33,75855,75822,38,LLAN1_#110->LLAN3_#1T0,42
Llanarth,swansea-north,Wind,50,4.84,6117,126425,120307,1801,LLAN1_#110->LLAN3_#1T0,42
Llanarth,swansea-north,BESS,5,0.0,0,20203,20203,0,None,42
Llanarth,swansea-north,BESS,10,0.0,0,40406,40406,0,None,42
Llanarth,swansea-north,BESS,20,0.0,0,80812,80812,0,None,42
Llanarth,swansea-north,BESS,30,0.15,181,121219,121037,203,LLAN1_#110->LLAN3_#1T0,42
Llanarth,swansea-north,BESS,50,15.09,30494,202031,171537,4905,LLAN1_#110->LLAN3_#1T0,42
MACH,swansea-north,PV,5,3.24,180,5564,5384,601,ABYS1_213->ABYS3_2T0,27
MACH,swansea-north,PV,10,3.66,408,11128,10721,676,ABYS1_213->ABYS3_2T0,27
MACH,swansea-north,PV,20,4.54,1011,22257,21246,798,ABYS1_213->ABYS3_2T0,27
MACH,swansea-north,PV,30,5.52,1842,33385,31543,936,ABYS1_213->ABYS3_2T0,27
MACH,swansea-north,PV,50,8.54,4750,55642,50892,1470,ABYS1_213->ABYS3_2T0,27
MACH,swansea-north,Wind,5,11.01,1391,12642,11251,1299,ABYS1_213->ABYS3_2T0,27
MACH,swansea-north,Wind,10,12.29,3108,25285,22177,1557,ABYS1_213->ABYS3_2T0,27
MACH,swansea-north,Wind,20,14.91,7541,50570,43029,2079,ABYS1_213->ABYS3_2T0,27
MACH,swansea-north,Wind,30,17.85,13541,75855,62314,2728,ABYS1_213->ABYS3_2T0,27
MACH,swansea-north,Wind,50,26.47,33465,126425,92960,4454,ABYS1_213->ABYS3_2T0,27
MACH,swansea-north,BESS,5,8.76,1770,20203,18434,1533,ABYS1_213->ABYS3_2T0,27
MACH,swansea-north,BESS,10,10.96,4430,40406,35977,1981,ABYS1_213->ABYS3_2T0,27
MACH,swansea-north,BESS,20,15.04,12155,80812,68658,2824,ABYS1_213->ABYS3_2T0,27
MACH,swansea-north,BESS,30,19.29,23380,121219,97838,3793,ABYS1_213->ABYS3_2T0,27
MACH,swansea-north,BESS,50,30.06,60734,202031,141297,6426,ABYS1_213->ABYS3_2T0,27
MAER,swansea-north,PV,5,0.18,10,5564,5554,47,55L7040P11->TOWE3T,43
MAER,swansea-north,PV,10,0.5,55,11128,11073,95,55L7040P11->TOWE3T,43
MAER,swansea-north,PV,20,2.62,584,22257,21673,450,55L7040P11->TOWE3T,43
MAER,swansea-north,PV,30,9.88,3299,33385,30086,1453,55L7040P11->TOWE3T,43
MAER,swansea-north,PV,50,28.46,15837,55642,39806,2953,55L7040P11->TOWE3T,43
MAER,swansea-north,Wind,5,6.32,800,12642,11843,698,55L7040P11->TOWE3T,43
MAER,swansea-north,Wind,10,11.4,2882,25285,22403,1473,55L7040P11->TOWE3T,43
MAER,swansea-north,Wind,20,22.61,11432,50570,39138,3180,55L7040P11->TOWE3T,43
MAER,swansea-north,Wind,30,32.18,24411,75855,51444,4534,55L7040P11->TOWE3T,43
MAER,swansea-north,Wind,50,46.24,58453,126425,67972,6648,55L7040P11->TOWE3T,43
MAER,swansea-north,BESS,5,2.16,436,20203,19767,483,55L7040P11->TOWE3T,43
MAER,swansea-north,BESS,10,4.68,1892,40406,38514,1132,55L7040P11->TOWE3T,43
MAER,swansea-north,BESS,20,14.82,11976,80812,68836,4460,55L7040P11->TOWE3T,43
MAER,swansea-north,BESS,30,30.37,36818,121219,84400,6130,55L7040P11->TOWE3T,43
MAER,swansea-north,BESS,50,45.0,90913,202031,111118,7791,55L7040P11->TOWE3T,43
MAES,swansea-north,PV,5,0.0,0,5564,5564,0,None,13
MAES,swansea-north,PV,10,0.0,0,11128,11128,0,None,13
MAES,swansea-north,PV,20,0.0,0,22257,22257,0,None,13
MAES,swansea-north,PV,30,0.09,32,33385,33354,53,TROS3_#4L5->MAES3_MAIN1,13
MAES,swansea-north,PV,50,9.01,5014,55642,50628,1335,TROS3_#4L5->MAES3_MAIN1,13
MAES,swansea-north,Wind,5,0.0,0,12642,12642,0,None,13
MAES,swansea-north,Wind,10,0.0,0,25285,25285,0,None,13
MAES,swansea-north,Wind,20,0.0,0,50570,50570,0,None,13
MAES,swansea-north,Wind,30,0.02,12,75855,75843,50,TROS3_#4L5->MAES3_MAIN1,13
MAES,swansea-north,Wind,50,9.44,11934,126425,114491,3117,TROS3_#4L5->MAES3_MAIN1,13
MAES,swansea-north,BESS,5,0.0,0,20203,20203,0,None,13
MAES,swansea-north,BESS,10,0.0,0,40406,40406,0,None,13
MAES,swansea-north,BESS,20,0.0,0,80812,80812,0,None,13
MAES,swansea-north,BESS,30,4.07,4933,121219,116286,4104,TROS3_#4L5->MAES3_MAIN1,13
MAES,swansea-north,BESS,50,26.68,53905,202031,148126,4919,TROS3_#4L5->MAES3_MAIN1,13
MYND,swansea-north,PV,5,3.24,180,5564,5384,601,ABYS1_213->ABYS3_2T0,27
MYND,swansea-north,PV,10,3.66,407,11128,10721,673,ABYS1_213->ABYS3_2T0,27
MYND,swansea-north,PV,20,4.52,1006,22257,21251,793,ABYS1_213->ABYS3_2T0,27
MYND,swansea-north,PV,30,5.48,1829,33385,31556,930,ABYS1_213->ABYS3_2T0,27
MYND,swansea-north,PV,50,8.39,4671,55642,50971,1458,ABYS1_213->ABYS3_2T0,27
MYND,swansea-north,Wind,5,10.96,1386,12642,11257,1293,ABYS1_213->ABYS3_2T0,27
MYND,swansea-north,Wind,10,12.2,3084,25285,22201,1542,ABYS1_213->ABYS3_2T0,27
MYND,swansea-north,Wind,20,14.7,7434,50570,43136,2040,ABYS1_213->ABYS3_2T0,27
MYND,swansea-north,Wind,30,17.44,13231,75855,62624,2635,ABYS1_213->ABYS3_2T0,27
MYND,swansea-north,Wind,50,25.49,32225,126425,94200,4331,ABYS1_213->ABYS3_2T0,27
MYND,swansea-north,BESS,5,8.72,1762,20203,18441,1525,ABYS1_213->ABYS3_2T0,27
MYND,swansea-north,BESS,10,10.88,4397,40406,36010,1962,ABYS1_213->ABYS3_2T0,27
MYND,swansea-north,BESS,20,14.89,12033,80812,68780,2798,ABYS1_213->ABYS3_2T0,27
MYND,swansea-north,BESS,30,19.02,23056,121219,98163,3722,ABYS1_213->ABYS3_2T0,27
MYND,swansea-north,BESS,50,29.67,59945,202031,142086,6424,ABYS1_213->ABYS3_2T0,27
NANG,swansea-north,PV,5,0.19,10,5564,5554,47,NANG3_#1L5->WGWB3_2L3,49
NANG,swansea-north,PV,10,7.13,794,11128,10335,858,NANG3_#1L5->WGWB3_2L3,49
NANG,swansea-north,PV,20,27.69,6162,22257,16095,2390,NANG3_#1L5->WGWB3_2L3,49
NANG,swansea-north,PV,30,41.95,14005,33385,19381,3362,NANG3_#1L5->WGWB3_2L3,49
NANG,swansea-north,PV,50,58.33,32457,55642,23185,4460,NANG3_#1L5->WGWB3_2L3,49
NANG,swansea-north,Wind,5,0.0,0,12642,12642,0,None,49
NANG,swansea-north,Wind,10,0.29,73,25285,25212,207,NANG3_#1L5->WGWB3_2L3,49
NANG,swansea-north,Wind,20,17.08,8640,50570,41930,4680,NANG3_#1L5->WGWB3_2L3,49
NANG,swansea-north,Wind,30,34.87,26453,75855,49401,7393,NANG3_#1L5->WGWB3_2L3,49
NANG,swansea-north,Wind,50,55.39,70030,126425,56394,10092,NANG3_#1L5->WGWB3_2L3,49
NANG,swansea-north,BESS,5,0.02,5,20203,20198,22,NANG3_#1L5->WGWB3_2L3,49
NANG,swansea-north,BESS,10,7.58,3063,40406,37343,3690,NANG3_#1L5->WGWB3_2L3,49
NANG,swansea-north,BESS,20,33.66,27204,80812,53608,5153,NANG3_#1L5->WGWB3_2L3,49
NANG,swansea-north,BESS,30,43.98,53311,121219,67907,8265,NANG3_#1L5->WGWB3_2L3,49
NANG,swansea-north,BESS,50,62.79,126853,202031,75179,17554,NANG3_#1L5->WGWB3_2L3,49
NEVE,swansea-north,PV,5,0.05,3,5564,5561,12,BRID3_2L9->BRID3_2L5,49
NEVE,swansea-north,PV,10,2.61,291,11128,10838,353,BRID3_2L9->BRID3_2L5,49
NEVE,swansea-north,PV,20,15.19,3381,22257,18876,1387,BRID3_2L9->BRID3_2L5,49
NEVE,swansea-north,PV,30,27.14,9059,33385,24326,2188,BRID3_2L9->BRID3_2L5,49
NEVE,swansea-north,PV,50,43.54,24224,55642,31418,3282,BRID3_2L9->BRID3_2L5,49
NEVE,swansea-north,Wind,5,0.0,0,12642,12642,0,None,49
NEVE,swansea-north,Wind,10,0.02,6,25285,25279,17,BRID3_2L9->BRID3_2L5,49
NEVE,swansea-north,Wind,20,2.2,1113,50570,49457,1013,LWND3T->58L5303P19,49
NEVE,swansea-north,Wind,30,13.23,10037,75855,65818,3897,LWND3T->58L5303P19,49
NEVE,swansea-north,Wind,50,34.57,43706,126425,82718,7106,LWND3T->58L5303P19,49
NEVE,swansea-north,BESS,5,0.0,1,20203,20203,4,BRID3_2L9->BRID3_2L5,49
NEVE,swansea-north,BESS,10,0.4,163,40406,40243,177,BRID3_2L9->BRID3_2L5,49
NEVE,swansea-north,BESS,20,12.72,10277,80812,70535,4900,LWND3T->58L5303P19,49
NEVE,swansea-north,BESS,30,28.97,35120,121219,86099,5333,LWND3T->58L5303P19,49
NEVE,swansea-north,BESS,50,43.05,86968,202031,115064,6826,LWND3T->58L5303P19,49
NEWL,swansea-north,PV,5,0.26,14,5564,5550,61,W38_3S->NEWL3_1L3,28
NEWL,swansea-north,PV,10,7.23,804,11128,10324,777,W38_3S->NEWL3_1L3,28
NEWL,swansea-north,PV,20,24.91,5544,22257,16713,2003,W38_3S->NEWL3_1L3,28
NEWL,swansea-north,PV,30,37.67,12576,33385,20809,2825,W38_3S->NEWL3_1L3,28
NEWL,swansea-north,PV,50,53.54,29793,55642,25849,3912,W38_3S->NEWL3_1L3,28
NEWL,swansea-north,Wind,5,0.0,0,12642,12642,0,None,28
NEWL,swansea-north,Wind,10,0.17,42,25285,25243,112,W38_3S->NEWL3_1L3,28
NEWL,swansea-north,Wind,20,7.93,4008,50570,46562,2828,W38_3S->NEWL3_1L3,28
NEWL,swansea-north,Wind,30,23.74,18008,75855,57847,5615,W38_3S->NEWL3_1L3,28
NEWL,swansea-north,Wind,50,45.23,57181,126425,69244,8553,W38_3S->NEWL3_1L3,28
NEWL,swansea-north,BESS,5,0.04,8,20203,20196,27,W38_3S->NEWL3_1L3,28
NEWL,swansea-north,BESS,10,1.7,687,40406,39719,708,W38_3S->NEWL3_1L3,28
NEWL,swansea-north,BESS,20,24.65,19920,80812,60892,5196,W38_3S->NEWL3_1L3,28
NEWL,swansea-north,BESS,30,37.43,45370,121219,75849,6055,W38_3S->NEWL3_1L3,28
NEWL,swansea-north,BESS,50,50.64,102305,202031,99726,12520,W38_3S->NEWL3_1L3,28
PCYL,swansea-north,PV,5,3.25,181,5564,5383,603,ABYS1_213->ABYS3_2T0,27
PCYL,swansea-north,PV,10,3.68,409,11128,10719,677,ABYS1_213->ABYS3_2T0,27
PCYL,swansea-north,PV,20,4.57,1018,22257,21239,801,ABYS1_213->ABYS3_2T0,27
PCYL,swansea-north,PV,30,5.57,1860,33385,31525,942,ABYS1_213->ABYS3_2T0,27
PCYL,swansea-north,PV,50,8.84,4920,55642,50722,1511,ABYS1_213->ABYS3_2T0,27
PCYL,swansea-north,Wind,5,11.05,1397,12642,11246,1305,ABYS1_213->ABYS3_2T0,27
PCYL,swansea-north,Wind,10,12.38,3130,25285,22155,1572,ABYS1_213->ABYS3_2T0,27
PCYL,swansea-north,Wind,20,15.11,7642,50570,42928,2119,ABYS1_213->ABYS3_2T0,27
PCYL,swansea-north,Wind,30,18.25,13843,75855,62012,2818,ABYS1_213->ABYS3_2T0,27
PCYL,swansea-north,Wind,50,27.42,34665,126425,91759,4583,ABYS1_213->ABYS3_2T0,27
PCYL,swansea-north,BESS,5,8.8,1778,20203,18425,1535,ABYS1_213->ABYS3_2T0,27
PCYL,swansea-north,BESS,10,11.05,4467,40406,35940,1998,ABYS1_213->ABYS3_2T0,27
PCYL,swansea-north,BESS,20,15.22,12297,80812,68515,2855,ABYS1_213->ABYS3_2T0,27
PCYL,swansea-north,BESS,30,19.64,23802,121219,97417,3889,ABYS1_213->ABYS3_2T0,27
PCYL,swansea-north,BESS,50,30.8,62229,202031,139802,6490,ABYS1_213->ABYS3_2T0,27
PEND,swansea-north,PV,5,0.13,7,5564,5557,86,WGWB3_1L3->58L1323P59M,43
PEND,swansea-north,PV,10,0.42,46,11128,11082,164,WGWB3_1L3->58L1323P59M,43
PEND,swansea-north,PV,20,11.54,2569,22257,19688,1559,SPRI3->58L5296P162,43
PEND,swansea-north,PV,30,26.13,8724,33385,24662,2665,SPRI3->58L5296P162,43
PEND,swansea-north,PV,50,45.62,25382,55642,30260,3969,SPRI3->58L5296P162,43
PEND,swansea-north,Wind,5,2.91,367,12642,12275,335,WGWB3_1L3->58L1323P59M,43
PEND,swansea-north,Wind,10,5.21,1318,25285,23967,992,WGWB3_1L3->58L1323P59M,43
PEND,swansea-north,Wind,20,19.05,9631,50570,40938,3775,CARM3_8L5->PEND3T,43
PEND,swansea-north,Wind,30,32.54,24682,75855,51173,5778,SPRI3->58L5296P162,43
PEND,swansea-north,Wind,50,50.37,63678,126425,62746,8380,SPRI3->58L5296P162,43
PEND,swansea-north,BESS,5,2.43,491,20203,19712,410,WGWB3_1L3->58L1323P59M,43
PEND,swansea-north,BESS,10,5.14,2077,40406,38329,1379,WGWB3_1L3->58L1323P59M,43
PEND,swansea-north,BESS,20,27.9,22547,80812,58265,5264,SPRI3->58L5296P162,43
PEND,swansea-north,BESS,30,39.49,47865,121219,73354,5865,SPRI3->58L5296P162,43
PEND,swansea-north,BESS,50,52.09,105233,202031,96798,12323,SPRI3->58L5296P162,43
PGTN,swansea-north,PV,5,0.0,0,5564,5564,0,None,49
PGTN,swansea-north,PV,10,0.0,0,11128,11128,0,None,49
PGTN,swansea-north,PV,20,2.26,504,22257,21753,500,TRAB3M->TRAV3_3L9,49
PGTN,swansea-north,PV,30,12.8,4274,33385,29111,1592,TRAB3M->TRAV3_3L9,49
PGTN,swansea-north,PV,50,32.29,17969,55642,37673,2989,TRAB3M->TRAV3_3L9,49
PGTN,swansea-north,Wind,5,0.0,0,12642,12642,1,GWAU3_#2H0->GWAU5_2T0,49
PGTN,swansea-north,Wind,10,0.01,3,25285,25281,10,GWAU3_#2H0->GWAU5_2T0,49
PGTN,swansea-north,Wind,20,1.75,887,50570,49683,1045,TRAB3M->TRAV3_3L9,49
PGTN,swansea-north,Wind,30,13.42,10178,75855,65676,3950,TRAB3M->TRAV3_3L9,49
PGTN,swansea-north,Wind,50,35.0,44249,126425,82176,7139,TRAB3M->TRAV3_3L9,49
PGTN,swansea-north,BESS,5,0.2,41,20203,20162,52,GWAU3_#2H0->GWAU5_2T0,49
PGTN,swansea-north,BESS,10,1.07,434,40406,39972,299,GWAU3_#2H0->GWAU5_2T0,49
PGTN,swansea-north,BESS,20,16.2,13094,80812,67718,4940,TRAB3M->TRAV3_3L9,49
PGTN,swansea-north,BESS,30,31.14,37745,121219,83474,5001,TRAB3M->TRAV3_3L9,49
PGTN,swansea-north,BESS,50,43.36,87605,202031,114426,5471,TRAB3M->TRAV3_3L9,49
PNTA,swansea-north,PV,5,0.0,0,5564,5564,0,None,31
PNTA,swansea-north,PV,10,0.03,3,11128,11125,12,CYNH3->PONY3_#2L5,31
PNTA,swansea-north,PV,20,6.62,1474,22257,20783,953,CYNH3->PONY3_#2L5,31
PNTA,swansea-north,PV,30,19.33,6453,33385,26932,2010,CYNH3->PONY3_#2L5,31
PNTA,swansea-north,PV,50,38.73,21550,55642,34092,3337,CYNH3->PONY3_#2L5,31
PNTA,swansea-north,Wind,5,0.0,0,12642,12642,0,None,31
PNTA,swansea-north,Wind,10,0.0,0,25285,25285,0,None,31
PNTA,swansea-north,Wind,20,2.97,1499,50570,49070,1413,CYNH3->PONY3_#2L5,31
PNTA,swansea-north,Wind,30,15.25,11571,75855,64284,3988,CYNH3->PONY3_#2L5,31
PNTA,swansea-north,Wind,50,36.23,45805,126425,80620,7126,CYNH3->PONY3_#2L5,31
PNTA,swansea-north,BESS,5,0.0,0,20203,20203,0,None,31
PNTA,swansea-north,BESS,10,0.02,6,40406,40400,22,CYNH3->PONY3_#2L5,31
PNTA,swansea-north,BESS,20,17.56,14190,80812,66622,4919,CYNH3->PONY3_#2L5,31
PNTA,swansea-north,BESS,30,32.0,38785,121219,82433,4920,CYNH3->PONY3_#2L5,31
PNTA,swansea-north,BESS,50,43.95,88797,202031,113234,6465,CYNH3->PONY3_#2L5,31
PONA,swansea-north,PV,5,0.26,14,5564,5550,15,LAMP3_2L5->LWNI3_2L3,58
PONA,swansea-north,PV,10,0.34,38,11128,11091,30,LAMP3_2L5->LWNI3_2L3,58
PONA,swansea-north,PV,20,8.79,1957,22257,20300,1175,PONA3_2L3->LAMP3_1L5,58
PONA,swansea-north,PV,30,22.33,7454,33385,25931,2227,PONA3_2L3->LAMP3_1L5,58
PONA,swansea-north,PV,50,41.72,23215,55642,32428,3533,PONA3_2L3->LAMP3_1L5,58
PONA,swansea-north,Wind,5,0.29,37,12642,12606,35,LAMP3_2L5->LWNI3_2L3,58
PONA,swansea-north,Wind,10,0.49,123,25285,25162,66,LAMP3_2L5->LWNI3_2L3,58
PONA,swansea-north,Wind,20,2.41,1220,50570,49350,1254,PONA3_2L3->LAMP3_1L5,58
PONA,swansea-north,Wind,30,15.9,12058,75855,63797,4574,PONA3_2L3->LAMP3_1L5,58
PONA,swansea-north,Wind,50,38.84,49109,126425,77316,8036,PONA3_2L3->LAMP3_1L5,58
PONA,swansea-north,BESS,5,0.11,21,20203,20182,22,LAMP3_2L5->LWNI3_2L3,58
PONA,swansea-north,BESS,10,0.19,77,40406,40329,76,PONA3_2L3->LAMP3_1L5,58
PONA,swansea-north,BESS,20,21.23,17158,80812,63654,4964,PONA3_2L3->LAMP3_1L5,58
PONA,swansea-north,BESS,30,34.5,41823,121219,79395,4990,PONA3_2L3->LAMP3_1L5,58
PONA,swansea-north,BESS,50,46.81,94565,202031,107466,11457,PONA3_2L3->LAMP3_1L5,58
POND,swansea-north,PV,5,0.0,0,5564,5564,0,None,41
POND,swansea-north,PV,10,0.0,0,11128,11128,0,None,41
POND,swansea-north,PV,20,1.92,427,22257,21829,434,POND3_#1L5->TRAV3_#3L5,41
POND,swansea-north,PV,30,11.94,3986,33385,29399,1505,POND3_#1L5->TRAV3_#3L5,41
POND,swansea-north,PV,50,31.18,17350,55642,38292,2904,POND3_#1L5->TRAV3_#3L5,41
POND,swansea-north,Wind,5,0.0,0,12642,12642,0,None,41
POND,swansea-north,Wind,10,0.0,0,25285,25285,0,None,41
POND,swansea-north,Wind,20,1.01,510,50570,50060,710,POND3_#1L5->TRAV3_#3L5,41
POND,swansea-north,Wind,30,11.18,8484,75855,67371,3487,POND3_#1L5->TRAV3_#3L5,41
POND,swansea-north,Wind,50,32.42,40983,126425,85442,6751,POND3_#1L5->TRAV3_#3L5,41
POND,swansea-north,BESS,5,0.0,0,20203,20203,0,None,41
POND,swansea-north,BESS,10,0.0,0,40406,40406,0,None,41
POND,swansea-north,BESS,20,11.24,9081,80812,71731,4876,POND3_#1L5->TRAV3_#3L5,41
POND,swansea-north,BESS,30,27.78,33669,121219,87549,4919,POND3_#1L5->TRAV3_#3L5,41
POND,swansea-north,BESS,50,41.02,82878,202031,119153,4944,POND3_#1L5->TRAV3_#3L5,41
PONY,swansea-north,PV,5,0.0,0,5564,5564,0,None,25
PONY,swansea-north,PV,10,0.27,30,11128,11098,61,FOSL3T->NEWL3_3L5,25
PONY,swansea-north,PV,20,7.94,1767,22257,20490,933,FOSL3T->NEWL3_3L5,25
PONY,swansea-north,PV,30,19.67,6566,33385,26819,1902,FOSL3T->NEWL3_3L5,25
PONY,swansea-north,PV,50,38.07,21181,55642,34461,3211,PONY3_#1L5->52L7800P1,25
PONY,swansea-north,Wind,5,0.0,0,12642,12642,0,None,25
PONY,swansea-north,Wind,10,0.0,0,25285,25285,0,None,25
PONY,swansea-north,Wind,20,1.25,633,50570,49937,901,PONY3_#1L5->52L7800P1,25
PONY,swansea-north,Wind,30,12.74,9662,75855,66193,3735,PONY3_#1L5->52L7800P1,25
PONY,swansea-north,Wind,50,34.2,43238,126425,83186,6995,PONY3_#1L5->52L7800P1,25
PONY,swansea-north,BESS,5,0.0,0,20203,20203,0,None,25
PONY,swansea-north,BESS,10,0.03,14,40406,40392,25,FOSL3T->NEWL3_3L5,25
PONY,swansea-north,BESS,20,14.62,11816,80812,68997,4919,PONY3_#1L5->52L7800P1,25
PONY,swansea-north,BESS,30,30.04,36416,121219,84803,4941,PONY3_#1L5->52L7800P1,25
PONY,swansea-north,BESS,50,42.8,86464,202031,115568,5956,W38_3S->NEWL3_1L3,25
RAVE,swansea-north,PV,5,0.28,15,5564,5549,10,UU19E->SWAW1_MAIN1,34
RAVE,swansea-north,PV,10,0.45,51,11128,11078,26,UU19E->SWAW1_MAIN1,34
RAVE,swansea-north,PV,20,0.99,220,22257,22037,55,UU19E->SWAW1_MAIN1,34
RAVE,swansea-north,PV,30,2.7,902,33385,32484,441,SWAW3_#6L5->RAVE3T,34
RAVE,swansea-north,PV,50,16.47,9164,55642,46478,1897,SWAW3_#6L5->RAVE3T,34
RAVE,swansea-north,Wind,5,0.01,2,12642,12641,6,UU19E->SWAW1_MAIN1,34
RAVE,swansea-north,Wind,10,0.02,4,25285,25281,6,UU19E->SWAW1_MAIN1,34
RAVE,swansea-north,Wind,20,0.02,11,50570,50559,12,UU19E->SWAW1_MAIN1,34
RAVE,swansea-north,Wind,30,1.49,1129,75855,74725,1005,SWAW3_#6L5->RAVE3T,34
RAVE,swansea-north,Wind,50,17.38,21978,126425,104447,4483,SWAW3_#6L5->RAVE3T,34
RAVE,swansea-north,BESS,5,0.1,19,20203,20184,12,UU19E->SWAW1_MAIN1,34
RAVE,swansea-north,BESS,10,0.2,79,40406,40327,36,UU19E->SWAW1_MAIN1,34
RAVE,swansea-north,BESS,20,0.45,367,80812,80446,80,UU19E->SWAW1_MAIN1,34
RAVE,swansea-north,BESS,30,14.5,17582,121219,103637,4919,SWAW3_#6L5->RAVE3T,34
RAVE,swansea-north,BESS,50,33.05,66772,202031,135259,4919,SWAW3_#6L5->RAVE3T,34
REDC,swansea-north,PV,5,0.13,7,5564,5557,87,WGWB3_1L3->58L1323P59M,31
REDC,swansea-north,PV,10,0.16,18,11128,11110,95,WGWB3_1L3->58L1323P59M,31
REDC,swansea-north,PV,20,0.26,57,22257,22200,129,WGWB3_1L3->58L1323P59M,31
REDC,swansea-north,PV,30,0.48,162,33385,33224,226,WGWB3_1L3->58L1323P59M,31
REDC,swansea-north,PV,50,9.74,5417,55642,50225,1874,WGWB3_1L3->58L1323P59M,31
REDC,swansea-north,Wind,5,2.99,378,12642,12265,351,WGWB3_1L3->58L1323P59M,31
REDC,swansea-north,Wind,10,4.69,1186,25285,24099,691,WGWB3_1L3->58L1323P59M,31
REDC,swansea-north,Wind,20,9.36,4734,50570,45835,1561,WGWB3_1L3->58L1323P59M,31
REDC,swansea-north,Wind,30,14.3,10846,75855,65009,2453,WGWB3_1L3->58L1323P59M,31
REDC,swansea-north,Wind,50,25.81,32632,126425,93793,4915,WGWB3_1L3->58L1323P59M,31
REDC,swansea-north,BESS,5,2.54,512,20203,19691,433,WGWB3_1L3->58L1323P59M,31
REDC,swansea-north,BESS,10,4.72,1907,40406,38499,986,WGWB3_1L3->58L1323P59M,31
REDC,swansea-north,BESS,20,12.25,9901,80812,70911,2620,WGWB3_1L3->58L1323P59M,31
REDC,swansea-north,BESS,30,19.64,23806,121219,97413,4102,WGWB3_1L3->58L1323P59M,31
REDC,swansea-north,BESS,50,37.13,75022,202031,127009,6765,WGWB3_1L3->58L1323P59M,31
RGOS,swansea-north,PV,5,0.0,0,5564,5564,0,None,36
RGOS,swansea-north,PV,10,0.0,0,11128,11128,0,None,36
RGOS,swansea-north,PV,20,0.0,0,22257,22257,0,None,36
RGOS,swansea-north,PV,30,0.57,189,33385,33197,220,HIRW3_7L5->RGOS3_#1L5,36
RGOS,swansea-north,PV,50,13.04,7258,55642,48384,1706,HIRW3_7L5->RGOS3_#1L5,36
RGOS,swansea-north,Wind,5,0.0,0,12642,12642,0,None,36
RGOS,swansea-north,Wind,10,0.0,0,25285,25285,0,None,36
RGOS,swansea-north,Wind,20,0.0,0,50570,50570,0,None,36
RGOS,swansea-north,Wind,30,0.74,562,75855,75292,686,HIRW3_7L5->RGOS3_#1L5,36
RGOS,swansea-north,Wind,50,15.27,19309,126425,107116,4096,HIRW3_7L5->RGOS3_#1L5,36
RGOS,swansea-north,BESS,5,0.0,0,20203,20203,0,None,36
RGOS,swansea-north,BESS,10,0.0,0,40406,40406,0,None,36
RGOS,swansea-north,BESS,20,0.0,0,80812,80812,0,None,36
RGOS,swansea-north,BESS,30,11.78,14281,121219,106938,4919,HIRW3_7L5->RGOS3_#1L5,36
RGOS,swansea-north,BESS,50,31.42,63471,202031,138560,4919,HIRW3_7L5->RGOS3_#1L5,36
RHYD,swansea-north,PV,5,3.3,184,5564,5380,617,ABYS1_213->ABYS3_2T0,27
RHYD,swansea-north,PV,10,3.84,427,11128,10702,700,ABYS1_213->ABYS3_2T0,27
RHYD,swansea-north,PV,20,5.06,1125,22257,21131,867,ABYS1_213->ABYS3_2T0,27
RHYD,swansea-north,PV,30,6.6,2203,33385,31183,1105,RHYD1_113->RHYD3_1T0,27
RHYD,swansea-north,PV,50,14.56,8102,55642,47540,2281,RHYD1_113->RHYD3_1T0,27
RHYD,swansea-north,Wind,5,10.89,1376,12642,11266,1295,ABYS1_213->ABYS3_2T0,27
RHYD,swansea-north,Wind,10,12.14,3069,25285,22216,1577,ABYS1_213->ABYS3_2T0,27
RHYD,swansea-north,Wind,20,14.76,7466,50570,43103,2119,ABYS1_213->ABYS3_2T0,27
RHYD,swansea-north,Wind,30,17.98,13635,75855,62219,2929,ABYS1_213->ABYS3_2T0,27
RHYD,swansea-north,Wind,50,27.8,35149,126425,91276,5052,RHYD1_113->RHYD3_1T0,27
RHYD,swansea-north,BESS,5,9.1,1839,20203,18364,1592,ABYS1_213->ABYS3_2T0,27
RHYD,swansea-north,BESS,10,11.69,4724,40406,35682,2104,ABYS1_213->ABYS3_2T0,27
RHYD,swansea-north,BESS,20,16.77,13549,80812,67264,3219,RHYD1_113->RHYD3_1T0,27
RHYD,swansea-north,BESS,30,22.68,27492,121219,93727,4633,RHYD1_113->RHYD3_1T0,27
RHYD,swansea-north,BESS,50,37.99,76758,202031,125274,7057,RHYD1_113->RHYD3_1T0,27
Rhos,swansea-north,PV,5,0.0,0,5564,5564,0,None,39
Rhos,swansea-north,PV,10,0.0,0,11128,11128,0,None,39
Rhos,swansea-north,PV,20,0.23,52,22257,22205,40,LLAN3_1L5->BLAP3_3L5,39
Rhos,swansea-north,PV,30,1.32,440,33385,32946,162,LLAN3_1L5->BLAP3_3L5,39
Rhos,swansea-north,PV,50,7.58,4219,55642,51423,942,LLAN3_1L5->BLAP3_3L5,39
Rhos,swansea-north,Wind,5,0.0,0,12642,12642,0,None,39
Rhos,swansea-north,Wind,10,0.0,0,25285,25285,0,None,39
Rhos,swansea-north,Wind,20,0.0,0,50570,50570,0,None,39
Rhos,swansea-north,Wind,30,0.02,12,75855,75843,15,RHOS3_3L5->CARM3_3L5,39
Rhos,swansea-north,Wind,50,3.25,4106,126425,122318,1505,RHOS3_3L5->CARM3_3L5,39
Rhos,swansea-north,BESS,5,0.0,0,20203,20203,0,None,39
Rhos,swansea-north,BESS,10,0.0,0,40406,40406,0,None,39
Rhos,swansea-north,BESS,20,0.01,8,80812,80804,9,LLAN3_1L5->BLAP3_3L5,39
Rhos,swansea-north,BESS,30,0.16,193,121219,121026,131,RHOS3_3L5->CARM3_3L5,39
Rhos,swansea-north,BESS,50,15.12,30538,202031,171493,4905,RHOS3_3L5->CARM3_3L5,39
SOFI,swansea-north,PV,5,0.0,0,5564,5564,0,None,20
SOFI,swansea-north,PV,10,0.0,0,11128,11128,0,None,20
SOFI,swansea-north,PV,20,0.0,0,22257,22257,0,None,20
SOFI,swansea-north,PV,30,0.01,5,33385,33380,13,SOFI3_#1L5->BRIF3_#11L5,20
SOFI,swansea-north,PV,50,7.77,4323,55642,51319,1227,SOFI3_#1L5->BRIF3_#11L5,20
SOFI,swansea-north,Wind,5,0.0,0,12642,12642,0,None,20
SOFI,swansea-north,Wind,10,0.0,0,25285,25285,0,None,20
SOFI,swansea-north,Wind,20,0.0,0,50570,50570,0,None,20
SOFI,swansea-north,Wind,30,0.0,1,75855,75853,12,SOFI3_#1L5->BRIF3_#11L5,20
SOFI,swansea-north,Wind,50,9.31,11769,126425,114655,3076,SOFI3_#1L5->BRIF3_#11L5,20
SOFI,swansea-north,BESS,5,0.0,0,20203,20203,0,None,20
SOFI,swansea-north,BESS,10,0.0,0,40406,40406,0,None,20
SOFI,swansea-north,BESS,20,0.0,0,80812,80812,0,None,20
SOFI,swansea-north,BESS,30,3.37,4085,121219,117134,4911,SOFI3_#1L5->BRIF3_#11L5,20
SOFI,swansea-north,BESS,50,26.37,53274,202031,148757,4919,SOFI3_#1L5->BRIF3_#11L5,20
STCL,swansea-north,PV,5,0.13,7,5564,5557,87,WGWB3_1L3->58L1323P59M,34
STCL,swansea-north,PV,10,3.37,375,11128,10753,780,CARM3_4L5->STCL3_MAIN1,34
STCL,swansea-north,PV,20,26.49,5895,22257,16362,2711,CARM3_4L5->STCL3_MAIN1,34
STCL,swansea-north,PV,30,42.4,14155,33385,19230,3779,CARM3_4L5->STCL3_MAIN1,34
STCL,swansea-north,PV,50,59.84,33297,55642,22345,4896,CARM3_4L5->STCL3_MAIN1,34
STCL,swansea-north,Wind,5,2.99,378,12642,12264,352,WGWB3_1L3->58L1323P59M,34
STCL,swansea-north,Wind,10,8.41,2128,25285,23157,2231,CARM3_4L5->STCL3_MAIN1,34
STCL,swansea-north,Wind,20,32.45,16410,50570,34160,6233,CARM3_4L5->STCL3_MAIN1,34
STCL,swansea-north,Wind,30,47.91,36342,75855,39513,8381,CARM3_4L5->STCL3_MAIN1,34
STCL,swansea-north,Wind,50,64.41,81429,126425,44995,10620,CARM3_4L5->STCL3_MAIN1,34
STCL,swansea-north,BESS,5,3.11,628,20203,19575,600,WGWB3_1L3->58L1323P59M,34
STCL,swansea-north,BESS,10,19.6,7918,40406,32488,5121,CARM3_4L5->STCL3_MAIN1,34
STCL,swansea-north,BESS,20,40.7,32891,80812,47922,5379,CARM3_4L5->STCL3_MAIN1,34
STCL,swansea-north,BESS,30,50.33,61015,121219,60204,13544,CARM3_4L5->STCL3_MAIN1,34
STCL,swansea-north,BESS,50,69.8,141013,202031,61019,17568,CARM3_4L5->STCL3_MAIN1,34
SWAU,swansea-north,PV,5,0.28,15,5564,5549,10,UU19E->SWAW1_MAIN1,35
SWAU,swansea-north,PV,10,0.47,52,11128,11077,34,UU19E->SWAW1_MAIN1,35
SWAU,swansea-north,PV,20,13.66,3039,22257,19217,1719,TSKT3_MAIN1->SWAU3_MAIN1,35
SWAU,swansea-north,PV,30,29.64,9897,33385,23489,2874,TSKT3_MAIN1->SWAU3_MAIN1,35
SWAU,swansea-north,PV,50,49.51,27547,55642,28095,4155,TSKT3_MAIN1->SWAU3_MAIN1,35
SWAU,swansea-north,Wind,5,0.01,2,12642,12641,6,UU19E->SWAW1_MAIN1,35
SWAU,swansea-north,Wind,10,0.02,4,25285,25281,7,UU19E->SWAW1_MAIN1,35
SWAU,swansea-north,Wind,20,15.32,7746,50570,42824,4143,TSKT3_MAIN1->SWAU3_MAIN1,35
SWAU,swansea-north,Wind,30,32.32,24517,75855,51338,6638,TSKT3_MAIN1->SWAU3_MAIN1,35
SWAU,swansea-north,Wind,50,52.64,66547,126425,59878,9382,TSKT3_MAIN1->SWAU3_MAIN1,35
SWAU,swansea-north,BESS,5,0.1,19,20203,20184,12,UU19E->SWAW1_MAIN1,35
SWAU,swansea-north,BESS,10,2.42,977,40406,39430,4358,TSKT3_MAIN1->SWAU3_MAIN1,35
SWAU,swansea-north,BESS,20,31.6,25536,80812,55277,4919,TSKT3_MAIN1->SWAU3_MAIN1,35
SWAU,swansea-north,BESS,30,41.36,50131,121219,71088,4919,TSKT3_MAIN1->SWAU3_MAIN1,35
SWAU,swansea-north,BESS,50,58.18,117550,202031,84482,17568,TSKT3_MAIN1->SWAU3_MAIN1,35
Swansea North,swansea-north,PV,5,0.0,0,5564,5564,0,None,8
Swansea North,swansea-north,PV,10,0.08,9,11128,11119,8,SWAN1_#310->SWAN3_#3T0,8
Swansea North,swansea-north,PV,20,0.45,100,22257,22157,49,SWAN1_#310->SWAN3_#3T0,8
Swansea North,swansea-north,PV,30,1.59,532,33385,32853,159,SWAN1_#310->SWAN3_#3T0,8
Swansea North,swansea-north,PV,50,5.69,3168,55642,52474,528,SWAN3_#2T0->SWAN1_#210,8
Swansea North,swansea-north,Wind,5,0.0,0,12642,12642,0,None,8
Swansea North,swansea-north,Wind,10,0.0,0,25285,25285,0,None,8
Swansea North,swansea-north,Wind,20,0.0,0,50570,50570,0,None,8
Swansea North,swansea-north,Wind,30,0.0,2,75855,75853,3,SWAN1_#310->SWAN3_#3T0,8
Swansea North,swansea-north,Wind,50,0.1,125,126425,126299,38,SWAN3_#2T0->SWAN1_#210,8
Swansea North,swansea-north,BESS,5,0.0,0,20203,20203,0,None,8
Swansea North,swansea-north,BESS,10,0.0,1,40406,40405,1,SWAN1_#310->SWAN3_#3T0,8
Swansea North,swansea-north,BESS,20,0.03,24,80812,80789,10,SWAN1_#310->SWAN3_#3T0,8
Swansea North,swansea-north,BESS,30,0.12,140,121219,121079,49,SWAN1_#310->SWAN3_#3T0,8
Swansea North,swansea-north,BESS,50,0.61,1228,202031,200803,189,SWAN1_#310->SWAN3_#3T0,8
Swansea West,swansea-north,PV,5,0.28,15,5564,5549,10,UU19E->SWAW1_MAIN1,33
Swansea West,swansea-north,PV,10,0.45,50,11128,11078,26,UU19E->SWAW1_MAIN1,33
Swansea West,swansea-north,PV,20,0.99,220,22257,22037,55,UU19E->SWAW1_MAIN1,33
Swansea West,swansea-north,PV,30,1.42,473,33385,32913,79,UU19E->SWAW1_MAIN1,33
Swansea West,swansea-north,PV,50,2.39,1331,55642,54311,157,UU19E->SWAW1_MAIN1,33
Swansea West,swansea-north,Wind,5,0.01,2,12642,12641,6,UU19E->SWAW1_MAIN1,33
Swansea West,swansea-north,Wind,10,0.02,4,25285,25281,6,UU19E->SWAW1_MAIN1,33
Swansea West,swansea-north,Wind,20,0.02,11,50570,50559,12,UU19E->SWAW1_MAIN1,33
Swansea West,swansea-north,Wind,30,0.04,33,75855,75822,18,UU19E->SWAW1_MAIN1,33
Swansea West,swansea-north,Wind,50,0.12,152,126425,126272,39,UU19E->SWAW1_MAIN1,33
Swansea West,swansea-north,BESS,5,0.1,19,20203,20184,12,UU19E->SWAW1_MAIN1,33
Swansea West,swansea-north,BESS,10,0.2,79,40406,40327,36,UU19E->SWAW1_MAIN1,33
Swansea West,swansea-north,BESS,20,0.45,366,80812,80446,80,UU19E->SWAW1_MAIN1,33
Swansea West,swansea-north,BESS,30,0.81,980,121219,120239,165,UU19E->SWAW1_MAIN1,33
Swansea West,swansea-north,BESS,50,1.83,3696,202031,198336,389,UU19E->SWAW1_MAIN1,33
TIMT,swansea-north,PV,5,0.0,0,5564,5564,0,None,30
TIMT,swansea-north,PV,10,0.0,0,11128,11128,0,None,30
TIMT,swansea-north,PV,20,0.0,0,22257,22257,0,None,30
TIMT,swansea-north,PV,30,0.0,0,33385,33385,0,None,30
TIMT,swansea-north,PV,50,0.04,24,55642,55618,12,GOWE1_113->GOWE3_#1T0,30
TIMT,swansea-north,Wind,5,0.0,0,12642,12642,0,None,30
TIMT,swansea-north,Wind,10,0.0,0,25285,25285,0,None,30
TIMT,swansea-north,Wind,20,0.0,0,50570,50570,0,None,30
TIMT,swansea-north,Wind,30,0.0,0,75855,75855,0,None,30
TIMT,swansea-north,Wind,50,0.35,442,126425,125982,149,GOWE1_113->GOWE3_#1T0,30
TIMT,swansea-north,BESS,5,0.0,0,20203,20203,0,None,30
TIMT,swansea-north,BESS,10,0.0,0,40406,40406,0,None,30
TIMT,swansea-north,BESS,20,0.0,0,80812,80812,0,None,30
TIMT,swansea-north,BESS,30,0.18,218,121219,121001,289,GOWE1_113->GOWE3_#1T0,30
TIMT,swansea-north,BESS,50,3.54,7147,202031,194885,2171,GOWE1_113->GOWE3_#1T0,30
TREG,swansea-north,PV,5,0.27,15,5564,5549,15,LAMP3_2L5->LWNI3_2L3,44
TREG,swansea-north,PV,10,0.34,38,11128,11091,19,LAMP3_2L5->LWNI3_2L3,44
TREG,swansea-north,PV,20,0.44,98,22257,22159,49,LDBF3_1L9->TREG3_2L3,44
TREG,swansea-north,PV,30,5.21,1738,33385,31647,901,LDBF3_1L9->TREG3_2L3,44
TREG,swansea-north,PV,50,22.4,12466,55642,43176,2344,LDBF3_1L9->TREG3_2L3,44
TREG,swansea-north,Wind,5,0.34,43,12642,12600,41,LAMP3_2L5->LWNI3_2L3,44
TREG,swansea-north,Wind,10,0.57,144,25285,25141,75,LAMP3_2L5->LWNI3_2L3,44
TREG,swansea-north,Wind,20,0.91,459,50570,50111,124,LAMP3_2L5->LWNI3_2L3,44
TREG,swansea-north,Wind,30,5.11,3878,75855,71976,1988,LDBF3_1L9->TREG3_2L3,44
TREG,swansea-north,Wind,50,23.64,29885,126425,96540,5351,LDBF3_1L9->TREG3_2L3,44
TREG,swansea-north,BESS,5,0.12,25,20203,20178,28,LAMP3_2L5->LWNI3_2L3,44
TREG,swansea-north,BESS,10,0.19,78,40406,40328,44,LAMP3_2L5->LWNI3_2L3,44
TREG,swansea-north,BESS,20,1.47,1191,80812,79622,2260,LDBF3_1L9->TREG3_2L3,44
TREG,swansea-north,BESS,30,20.08,24338,121219,96881,5003,LDBF3_1L9->TREG3_2L3,44
TREG,swansea-north,BESS,50,36.53,73805,202031,128227,5054,LDBF3_1L9->TREG3_2L3,44
TREV,swansea-north,PV,5,0.13,7,5564,5557,87,WGWB3_1L3->58L1323P59M,31
TREV,swansea-north,PV,10,0.16,18,11128,11110,95,WGWB3_1L3->58L1323P59M,31
TREV,swansea-north,PV,20,0.26,57,22257,22199,129,WGWB3_1L3->58L1323P59M,31
TREV,swansea-north,PV,30,0.46,152,33385,33233,206,WGWB3_1L3->58L1323P59M,31
TREV,swansea-north,PV,50,7.88,4387,55642,51255,1693,WGWB3_1L3->58L1323P59M,31
TREV,swansea-north,Wind,5,2.99,379,12642,12264,352,WGWB3_1L3->58L1323P59M,31
TREV,swansea-north,Wind,10,4.71,1190,25285,24095,693,WGWB3_1L3->58L1323P59M,31
TREV,swansea-north,Wind,20,9.4,4755,50570,45815,1571,WGWB3_1L3->58L1323P59M,31
TREV,swansea-north,Wind,30,14.36,10892,75855,64963,2467,WGWB3_1L3->58L1323P59M,31
TREV,swansea-north,Wind,50,25.03,31647,126425,94778,4725,WGWB3_1L3->58L1323P59M,31
TREV,swansea-north,BESS,5,2.54,514,20203,19689,434,WGWB3_1L3->58L1323P59M,31
TREV,swansea-north,BESS,10,4.74,1917,40406,38490,989,WGWB3_1L3->58L1323P59M,31
TREV,swansea-north,BESS,20,12.32,9956,80812,70856,2628,WGWB3_1L3->58L1323P59M,31
TREV,swansea-north,BESS,30,19.48,23616,121219,97603,3706,WGWB3_1L3->58L1323P59M,31
TREV,swansea-north,BESS,50,36.11,72960,202031,129071,6779,WGWB3_1L3->58L1323P59M,31
TSKT,swansea-north,PV,5,0.28,15,5564,5549,10,UU19E->SWAW1_MAIN1,34
TSKT,swansea-north,PV,10,0.45,50,11128,11078,26,UU19E->SWAW1_MAIN1,34
TSKT,swansea-north,PV,20,0.99,220,22257,22037,55,UU19E->SWAW1_MAIN1,34
TSKT,swansea-north,PV,30,1.63,544,33385,32842,176,SWAW3_#3L5->TSKT3_MAIN1,34
TSKT,swansea-north,PV,50,11.51,6404,55642,49238,1429,SWAW3_#3L5->TSKT3_MAIN1,34
TSKT,swansea-north,Wind,5,0.01,2,12642,12641,6,UU19E->SWAW1_MAIN1,34
TSKT,swansea-north,Wind,10,0.02,4,25285,25281,6,UU19E->SWAW1_MAIN1,34
TSKT,swansea-north,Wind,20,0.02,11,50570,50559,12,UU19E->SWAW1_MAIN1,34
TSKT,swansea-north,Wind,30,0.11,80,75855,75775,129,SWAW3_#3L5->TSKT3_MAIN1,34
TSKT,swansea-north,Wind,50,10.54,13327,126425,113097,3343,SWAW3_#3L5->TSKT3_MAIN1,34
TSKT,swansea-north,BESS,5,0.1,19,20203,20184,12,UU19E->SWAW1_MAIN1,34
TSKT,swansea-north,BESS,10,0.2,79,40406,40327,36,UU19E->SWAW1_MAIN1,34
TSKT,swansea-north,BESS,20,0.45,367,80812,80446,80,UU19E->SWAW1_MAIN1,34
TSKT,swansea-north,BESS,30,6.03,7307,121219,113912,4645,SWAW3_#3L5->TSKT3_MAIN1,34
TSKT,swansea-north,BESS,50,27.94,56452,202031,145580,4919,SWAW3_#3L5->TSKT3_MAIN1,34
TUMB,swansea-north,PV,5,0.0,0,5564,5564,0,None,21
TUMB,swansea-north,PV,10,0.0,0,11128,11128,0,None,21
TUMB,swansea-north,PV,20,1.24,275,22257,21982,348,CRHA3_#1L5->TUMB3_3L5,21
TUMB,swansea-north,PV,30,10.66,3558,33385,29828,1421,CRHA3_#1L5->TUMB3_3L5,21
TUMB,swansea-north,PV,50,29.83,16599,55642,39043,2807,CRHA3_#1L5->TUMB3_3L5,21
TUMB,swansea-north,Wind,5,0.0,0,12642,12642,0,None,21
TUMB,swansea-north,Wind,10,0.0,0,25285,25285,0,None,21
TUMB,swansea-north,Wind,20,0.21,108,50570,50462,237,CRHA3_#1L5->TUMB3_3L5,21
TUMB,swansea-north,Wind,30,8.26,6264,75855,69590,2951,CRHA3_#1L5->TUMB3_3L5,21
TUMB,swansea-north,Wind,50,29.01,36670,126425,89755,6248,CRHA3_#1L5->TUMB3_3L5,21
TUMB,swansea-north,BESS,5,0.0,0,20203,20203,0,None,21
TUMB,swansea-north,BESS,10,0.0,0,40406,40406,0,None,21
TUMB,swansea-north,BESS,20,8.08,6531,80812,74282,4678,CRHA3_#1L5->TUMB3_3L5,21
TUMB,swansea-north,BESS,30,25.63,31073,121219,90145,4919,CRHA3_#1L5->TUMB3_3L5,21
TUMB,swansea-north,BESS,50,39.73,80263,202031,121768,4919,CRHA3_#1L5->TUMB3_3L5,21
TWYN,swansea-north,PV,5,3.25,181,5564,5384,600,ABYS1_213->ABYS3_2T0,27
TWYN,swansea-north,PV,10,3.67,408,11128,10720,676,ABYS1_213->ABYS3_2T0,27
TWYN,swansea-north,PV,20,4.55,1014,22257,21243,798,ABYS1_213->ABYS3_2T0,27
TWYN,swansea-north,PV,30,5.54,1849,33385,31536,938,ABYS1_213->ABYS3_2T0,27
TWYN,swansea-north,PV,50,8.73,4858,55642,50784,1496,ABYS1_213->ABYS3_2T0,27
TWYN,swansea-north,Wind,5,11.04,1396,12642,11247,1304,ABYS1_213->ABYS3_2T0,27
TWYN,swansea-north,Wind,10,12.36,3125,25285,22160,1567,ABYS1_213->ABYS3_2T0,27
TWYN,swansea-north,Wind,20,15.07,7622,50570,42948,2116,ABYS1_213->ABYS3_2T0,27
TWYN,swansea-north,Wind,30,18.18,13791,75855,62063,2802,ABYS1_213->ABYS3_2T0,27
TWYN,swansea-north,Wind,50,27.28,34488,126425,91937,4562,ABYS1_213->ABYS3_2T0,27
TWYN,swansea-north,BESS,5,8.78,1774,20203,18429,1531,ABYS1_213->ABYS3_2T0,27
TWYN,swansea-north,BESS,10,11.01,4450,40406,35957,1991,ABYS1_213->ABYS3_2T0,27
TWYN,swansea-north,BESS,20,15.14,12235,80812,68578,2842,ABYS1_213->ABYS3_2T0,27
TWYN,swansea-north,BESS,30,19.51,23654,121219,97565,3863,ABYS1_213->ABYS3_2T0,27
TWYN,swansea-north,BESS,50,30.53,61688,202031,140344,6427,ABYS1_213->ABYS3_2T0,27
Tir John,swansea-north,PV,5,0.0,0,5564,5564,0,None,13
Tir John,swansea-north,PV,10,0.0,0,11128,11128,0,None,13
Tir John,swansea-north,PV,20,0.0,0,22257,22257,0,None,13
Tir John,swansea-north,PV,30,0.0,0,33385,33385,0,None,13
Tir John,swansea-north,PV,50,0.0,0,55642,55642,0,None,13
Tir John,swansea-north,Wind,5,0.0,0,12642,12642,0,None,13
Tir John,swansea-north,Wind,10,0.0,0,25285,25285,0,None,13
Tir John,swansea-north,Wind,20,0.0,0,50570,50570,0,None,13
Tir John,swansea-north,Wind,30,0.0,0,75855,75855,0,None,13
Tir John,swansea-north,Wind,50,0.0,0,126425,126425,0,None,13
Tir John,swansea-north,BESS,5,0.0,0,20203,20203,0,None,13
Tir John,swansea-north,BESS,10,0.0,0,40406,40406,0,None,13
Tir John,swansea-north,BESS,20,0.0,0,80812,80812,0,None,13
Tir John,swansea-north,BESS,30,0.0,0,121219,121219,0,None,13
Tir John,swansea-north,BESS,50,0.0,0,202031,202031,0,None,13
Trostre,swansea-north,PV,5,0.0,0,5564,5564,0,None,12
Trostre,swansea-north,PV,10,0.0,0,11128,11128,0,None,12
Trostre,swansea-north,PV,20,0.0,0,22257,22257,0,None,12
Trostre,swansea-north,PV,30,0.0,0,33385,33385,0,None,12
Trostre,swansea-north,PV,50,0.39,216,55642,55426,83,TROS1_#110->TROS3_#1T0,12
Trostre,swansea-north,Wind,5,0.0,0,12642,12642,0,None,12
Trostre,swansea-north,Wind,10,0.0,0,25285,25285,0,None,12
Trostre,swansea-north,Wind,20,0.0,0,50570,50570,0,None,12
Trostre,swansea-north,Wind,30,0.0,0,75855,75855,0,None,12
Trostre,swansea-north,Wind,50,0.0,0,126425,126425,0,None,12
Trostre,swansea-north,BESS,5,0.0,0,20203,20203,0,None,12
Trostre,swansea-north,BESS,10,0.0,0,40406,40406,0,None,12
Trostre,swansea-north,BESS,20,0.0,0,80812,80812,0,None,12
Trostre,swansea-north,BESS,30,0.0,1,121219,121218,1,TROS1_#110->TROS3_#1T0,12
Trostre,swansea-north,BESS,50,0.11,221,202031,201810,78,TROS1_#110->TROS3_#1T0,12
WAUN,swansea-north,PV,5,21.32,1186,5564,4378,2525,CLAS3_#2L5->SWAN3_10L5,18
WAUN,swansea-north,PV,10,21.58,2401,11128,8727,2600,CLAS3_#2L5->SWAN3_10L5,18
WAUN,swansea-north,PV,20,22.2,4941,22257,17316,2756,CLAS3_#2L5->SWAN3_10L5,18
WAUN,swansea-north,PV,30,23.73,7923,33385,25462,3096,CLAS3_#2L5->SWAN3_10L5,18
WAUN,swansea-north,PV,50,38.14,21221,55642,34421,5756,GARN3_4L5->WAUN3_3L5,18
WAUN,swansea-north,Wind,5,43.86,5545,12642,7098,5858,CLAS3_#2L5->SWAN3_10L5,18
WAUN,swansea-north,Wind,10,46.66,11798,25285,13487,6321,CLAS3_#2L5->SWAN3_10L5,18
WAUN,swansea-north,Wind,20,52.15,26373,50570,24197,7478,CLAS3_#2L5->SWAN3_10L5,18
WAUN,swansea-north,Wind,30,58.16,44118,75855,31737,8703,GARN3_4L5->WAUN3_3L5,18
WAUN,swansea-north,Wind,50,67.51,85345,126425,41080,10317,GARN3_4L5->WAUN3_3L5,18
WAUN,swansea-north,BESS,5,38.19,7716,20203,12487,6212,CLAS3_#2L5->SWAN3_10L5,18
WAUN,swansea-north,BESS,10,42.65,17235,40406,23171,7212,CLAS3_#2L5->SWAN3_10L5,18
WAUN,swansea-north,BESS,20,53.32,43089,80812,37723,9211,GARN3_4L5->WAUN3_3L5,18
WAUN,swansea-north,BESS,30,60.52,73362,121219,47857,10119,GARN3_4L5->WAUN3_3L5,18
WAUN,swansea-north,BESS,50,68.28,137956,202031,64076,12209,GARN3_4L5->WAUN3_3L5,18
WESX,swansea-north,PV,5,0.28,15,5564,5549,10,UU19E->SWAW1_MAIN1,35
WESX,swansea-north,PV,10,0.46,51,11128,11078,26,UU19E->SWAW1_MAIN1,35
WESX,swansea-north,PV,20,1.22,272,22257,21985,120,UPLT31->WESX3_MAIN1,35
WESX,swansea-north,PV,30,6.8,2270,33385,31115,1000,UPLT31->WESX3_MAIN1,35
WESX,swansea-north,PV,50,24.51,13639,55642,42003,2488,UPLT31->WESX3_MAIN1,35
WESX,swansea-north,Wind,5,0.01,2,12642,12641,6,UU19E->SWAW1_MAIN1,35
WESX,swansea-north,Wind,10,0.02,4,25285,25281,6,UU19E->SWAW1_MAIN1,35
WESX,swansea-north,Wind,20,0.05,27,50570,50543,75,UPLT31->WESX3_MAIN1,35
WESX,swansea-north,Wind,30,6.12,4642,75855,71212,2408,UPLT31->WESX3_MAIN1,35
WESX,swansea-north,Wind,50,25.91,32751,126425,93674,5778,UPLT31->WESX3_MAIN1,35
WESX,swansea-north,BESS,5,0.1,19,20203,20184,12,UU19E->SWAW1_MAIN1,35
WESX,swansea-north,BESS,10,0.2,79,40406,40327,37,UU19E->SWAW1_MAIN1,35
WESX,swansea-north,BESS,20,4.09,3303,80812,77509,4202,UPLT31->WESX3_MAIN1,35
WESX,swansea-north,BESS,30,22.86,27708,121219,93511,4919,UPLT31->WESX3_MAIN1,35
WESX,swansea-north,BESS,50,38.08,76933,202031,125098,4953,UPLT31->WESX3_MAIN1,35
WGWB,swansea-north,PV,5,0.0,0,5564,5564,0,None,49
WGWB,swansea-north,PV,10,0.96,107,11128,11021,172,WGWB3_1L3->58L1323P59M,49
WGWB,swansea-north,PV,20,14.18,3155,22257,19102,1576,WGWB3_1L3->58L1323P59M,49
WGWB,swansea-north,PV,30,28.42,9487,33385,23898,2604,WGWB3_1L3->58L1323P59M,49
WGWB,swansea-north,PV,50,47.18,26252,55642,29390,3853,WGWB3_1L3->58L1323P59M,49
WGWB,swansea-north,Wind,5,0.0,0,12642,12642,0,None,49
WGWB,swansea-north,Wind,10,0.22,55,25285,25229,101,NANG3_#1L5->WGWB3_2L3,49
WGWB,swansea-north,Wind,20,11.64,5884,50570,44685,3274,NANG3_#1L5->WGWB3_2L3,49
WGWB,swansea-north,Wind,30,27.42,20796,75855,55059,5937,NANG3_#1L5->WGWB3_2L3,49
WGWB,swansea-north,Wind,50,48.09,60795,126425,65630,8735,58L1323P59M->CWFR3_5L3,49
WGWB,swansea-north,BESS,5,0.0,1,20203,20203,3,NANG3_#1L5->WGWB3_2L3,49
WGWB,swansea-north,BESS,10,2.19,886,40406,39521,1657,WGWB3_1L3->58L1323P59M,49
WGWB,swansea-north,BESS,20,27.19,21975,80812,58838,4920,58L1323P59M->CWFR3_5L3,49
WGWB,swansea-north,BESS,30,38.52,46693,121219,74526,5244,58L1323P59M->CWFR3_5L3,49
WGWB,swansea-north,BESS,50,52.59,106241,202031,95790,14225,WGWB3_1L3->58L1323P59M,49
WHIT,swansea-north,PV,5,0.13,7,5564,5557,86,WGWB3_1L3->58L1323P59M,46
WHIT,swansea-north,PV,10,4.88,543,11128,10585,916,WHIT3_MAIN2A->WHIT3_MAIN2B,46
WHIT,swansea-north,PV,20,28.01,6235,22257,16022,2751,WHIT3_MAIN2A->WHIT3_MAIN2B,46
WHIT,swansea-north,PV,30,43.48,14516,33385,18870,3762,WHIT3_MAIN2A->WHIT3_MAIN2B,46
WHIT,swansea-north,PV,50,60.43,33622,55642,22020,4880,WHIT3_MAIN2A->WHIT3_MAIN2B,46
WHIT,swansea-north,Wind,5,2.91,368,12642,12274,336,WGWB3_1L3->58L1323P59M,46
WHIT,swansea-north,Wind,10,6.07,1534,25285,23751,1518,WHIT3_MAIN2A->WHIT3_MAIN2B,46
WHIT,swansea-north,Wind,20,28.97,14648,50570,35922,6022,WHIT3_MAIN2A->WHIT3_MAIN2B,46
WHIT,swansea-north,Wind,30,45.22,34305,75855,41550,8261,WHIT3_MAIN2A->WHIT3_MAIN2B,46
WHIT,swansea-north,Wind,50,62.66,79223,126425,47202,10568,WHIT3_MAIN2A->WHIT3_MAIN2B,46
WHIT,swansea-north,BESS,5,2.44,493,20203,19710,413,WGWB3_1L3->58L1323P59M,46
WHIT,swansea-north,BESS,10,17.34,7005,40406,33401,5050,WHIT3_MAIN2A->WHIT3_MAIN2B,46
WHIT,swansea-north,BESS,20,39.48,31901,80812,48911,5266,WHIT3_MAIN2A->WHIT3_MAIN2B,46
WHIT,swansea-north,BESS,30,48.84,59198,121219,62021,11306,WHIT3_MAIN2A->WHIT3_MAIN2B,46
WHIT,swansea-north,BESS,50,68.32,138029,202031,64002,17568,WHIT3_MAIN2A->WHIT3_MAIN2B,46
WSTC,swansea-north,PV,5,0.03,2,5564,5562,9,HIRW3_2L5->HNDR3T,38
WSTC,swansea-north,PV,10,2.6,289,11128,10839,314,HIRW3_2L5->HNDR3T,38
WSTC,swansea-north,PV,20,13.3,2960,22257,19297,1181,HIRW3_2L5->HNDR3T,38
WSTC,swansea-north,PV,30,24.07,8035,33385,25350,1899,HIRW3_2L5->HNDR3T,38
WSTC,swansea-north,PV,50,39.64,22058,55642,33584,2917,HIRW3_2L5->HNDR3T,38
WSTC,swansea-north,Wind,5,0.0,0,12642,12642,0,None,38
WSTC,swansea-north,Wind,10,0.01,1,25285,25284,5,HIRW3_2L5->HNDR3T,38
WSTC,swansea-north,Wind,20,0.39,195,50570,50375,196,HIRW3_2L5->HNDR3T,38
WSTC,swansea-north,Wind,30,4.03,3055,75855,72800,1992,HIRW3_2L5->HNDR3T,38
WSTC,swansea-north,Wind,50,23.44,29632,126425,96793,5800,HIRW3_2L5->HNDR3T,38
WSTC,swansea-north,BESS,5,0.01,1,20203,20202,4,HIRW3_2L5->HNDR3T,38
WSTC,swansea-north,BESS,10,0.3,121,40406,40285,125,HIRW3_2L5->HNDR3T,38
WSTC,swansea-north,BESS,20,4.97,4016,80812,76796,2836,HIRW3_2L5->HNDR3T,38
WSTC,swansea-north,BESS,30,22.4,27156,121219,94063,5252,HIRW3_2L5->HNDR3T,38
WSTC,swansea-north,BESS,50,38.74,78259,202031,123772,6225,HIRW3_2L5->HNDR3T,38
YNST,swansea-north,PV,5,0.0,0,5564,5564,4,YNST5_1T0->YNST3,26
YNST,swansea-north,PV,10,0.0,0,11128,11128,4,YNST5_1T0->YNST3,26
YNST,swansea-north,PV,20,0.01,3,22257,22254,7,YNST5_1T0->YNST3,26
YNST,swansea-north,PV,30,0.16,53,33385,33333,63,BRIF3_#7L5->56L6096P11A,26
YNST,swansea-north,PV,50,7.87,4380,55642,51262,1207,BRIF3_#7L5->56L6096P11A,26
YNST,swansea-north,Wind,5,0.32,40,12642,12602,38,YNST5_1T0->YNST3,26
YNST,swansea-north,Wind,10,0.6,152,25285,25133,91,YNST5_1T0->YNST3,26
YNST,swansea-north,Wind,20,1.56,787,50570,49783,291,YNST5_1T0->YNST3,26
YNST,swansea-north,Wind,30,3.95,2997,75855,72858,1164,YNST5_1T0->YNST3,26
YNST,swansea-north,Wind,50,16.94,21410,126425,105015,3841,YNST3_1L3->56L6096P11A,26
YNST,swansea-north,BESS,5,0.24,48,20203,20155,48,YNST5_1T0->YNST3,26
YNST,swansea-north,BESS,10,0.6,244,40406,40162,138,YNST5_1T0->YNST3,26
YNST,swansea-north,BESS,20,1.83,1479,80812,79334,423,YNST5_1T0->YNST3,26
YNST,swansea-north,BESS,30,6.99,8472,121219,112747,3514,YNST3_1L3->56L6096P11A,26
YNST,swansea-north,BESS,50,28.06,56683,202031,145349,5086,BRIF3_#7L5->56L6096P11A,26
YNYS,swansea-north,PV,5,0.09,5,5564,5559,32,55L7040P11->TOWE3T,43
YNYS,swansea-north,PV,10,0.2,22,11128,11107,48,55L7040P11->TOWE3T,43
YNYS,swansea-north,PV,20,0.61,135,22257,22122,118,55L7040P11->TOWE3T,43
YNYS,swansea-north,PV,30,1.53,512,33385,32874,258,55L7040P11->TOWE3T,43
YNYS,swansea-north,PV,50,7.4,4115,55642,51527,1172,55L7040P11->TOWE3T,43
YNYS,swansea-north,Wind,5,4.16,526,12642,12116,417,55L7040P11->TOWE3T,43
YNYS,swansea-north,Wind,10,6.76,1710,25285,23575,755,55L7040P11->TOWE3T,43
YNYS,swansea-north,Wind,20,12.42,6280,50570,44290,1632,55L7040P11->TOWE3T,43
YNYS,swansea-north,Wind,30,18.64,14137,75855,61717,2596,55L7040P11->TOWE3T,43
YNYS,swansea-north,Wind,50,29.81,37685,126425,88740,4196,55L7040P11->TOWE3T,43
YNYS,swansea-north,BESS,5,1.29,261,20203,19942,295,55L7040P11->TOWE3T,43
YNYS,swansea-north,BESS,10,2.34,945,40406,39461,520,55L7040P11->TOWE3T,43
YNYS,swansea-north,BESS,20,5.28,4264,80812,76548,1300,55L7040P11->TOWE3T,43
YNYS,swansea-north,BESS,30,9.95,12060,121219,109159,2647,55L7040P11->TOWE3T,43
YNYS,swansea-north,BESS,50,27.02,54598,202031,147433,5980,55L7040P11->TOWE3T,43
YSTF,swansea-north,PV,5,0.23,13,5564,5551,13,LAMP3_2L5->LWNI3_2L3,59
YSTF,swansea-north,PV,10,0.27,30,11128,11098,15,LAMP3_2L5->LWNI3_2L3,59
YSTF,swansea-north,PV,20,3.53,787,22257,21470,733,LDOV3_4L5->YSTF3_5L3,59
YSTF,swansea-north,PV,30,16.34,5455,33385,27930,2012,LDOV3_4L5->YSTF3_5L3,59
YSTF,swansea-north,PV,50,37.43,20828,55642,34815,3489,LDOV3_4L5->YSTF3_5L3,59
YSTF,swansea-north,Wind,5,0.22,28,12642,12615,24,LAMP3_2L5->LWNI3_2L3,59
YSTF,swansea-north,Wind,10,0.34,85,25285,25200,40,LAMP3_2L5->LWNI3_2L3,59
YSTF,swansea-north,Wind,20,8.02,4058,50570,46512,2535,LDOV3_4L5->YSTF3_5L3,59
YSTF,swansea-north,Wind,30,22.68,17205,75855,58650,5002,LDOV3_4L5->YSTF3_5L3,59
YSTF,swansea-north,Wind,50,43.23,54657,126425,71768,7933,LDOV3_4L5->YSTF3_5L3,59
YSTF,swansea-north,BESS,5,0.09,17,20203,20186,16,LAMP3_2L5->LWNI3_2L3,59
YSTF,swansea-north,BESS,10,0.12,49,40406,40358,28,LAMP3_2L5->LWNI3_2L3,59
YSTF,swansea-north,BESS,20,22.2,17940,80812,62873,4944,LDOV3_4L5->YSTF3_5L3,59
YSTF,swansea-north,BESS,30,35.12,42575,121219,78644,4960,PONA3_1L3->LDOV3_2L5,59
YSTF,swansea-north,BESS,50,46.58,94104,202031,107927,10029,LDOV3_4L5->YSTF3_5L3,59
Ystradgynlais,swansea-north,PV,5,0.0,0,5564,5564,0,None,35
Ystradgynlais,swansea-north,PV,10,0.0,0,11128,11128,0,None,35
Ystradgynlais,swansea-north,PV,20,0.83,184,22257,22073,140,TRAV32->YSTR1_#210,35
Ystradgynlais,swansea-north,PV,30,4.55,1519,33385,31866,557,TRAV32->YSTR1_#210,35
Ystradgynlais,swansea-north,PV,50,15.41,8574,55642,47068,1357,TRAV32->YSTR1_#210,35
Ystradgynlais,swansea-north,Wind,5,0.0,0,12642,12642,0,None,35
Ystradgynlais,swansea-north,Wind,10,0.0,0,25285,25285,0,None,35
Ystradgynlais,swansea-north,Wind,20,0.04,21,50570,50548,20,TRAV32->YSTR1_#210,35
Ystradgynlais,swansea-north,Wind,30,0.33,250,75855,75605,127,TRAV32->YSTR1_#210,35
Ystradgynlais,swansea-north,Wind,50,4.97,6287,126425,120137,1694,TRAV32->YSTR1_#210,35
Ystradgynlais,swansea-north,BESS,5,0.0,0,20203,20203,0,None,35
Ystradgynlais,swansea-north,BESS,10,0.0,0,40406,40406,0,None,35
Ystradgynlais,swansea-north,BESS,20,0.15,121,80812,80692,82,TRAV32->YSTR1_#210,35
Ystradgynlais,swansea-north,BESS,30,1.09,1317,121219,119902,513,TRAV32->YSTR1_#210,35
Ystradgynlais,swansea-north,BESS,50,14.13,28547,202031,173485,4740,TRAV32->YSTR1_#210,35
